[2025-12-03 19:58:22] TEST LOG ENTRY
[2025-12-04 03:06:38] Entered login() method. METHOD=POST POST=["txtUsername","txtPassword","btnLogin"]
[2025-12-04 03:06:38] Attempt login for username='admin'
[2025-12-03 20:09:58] Entered login() method. METHOD=POST POST=["txtUsername","txtPassword","btnLogin"]
[2025-12-03 20:09:58] Attempt login for username='admin'
[2025-12-03 20:09:58] Result of loginPlain: FOUND
[2025-12-03 20:09:58] Login successful for admin; usertype=ADMIN
[2025-12-03 20:10:02] Entered login() method. METHOD=POST POST=["txtUsername","txtPassword","btnLogin"]
[2025-12-03 20:10:02] Attempt login for username='admin'
[2025-12-03 20:10:02] Result of loginPlain: FOUND
[2025-12-03 20:10:02] Login successful for admin; usertype=ADMIN
[2025-12-03 20:10:27] Entered login() method. METHOD=POST POST=["txtUsername","txtPassword","btnLogin"]
[2025-12-03 20:10:27] Attempt login for username='admin'
[2025-12-03 20:10:27] Result of loginPlain: FOUND
[2025-12-03 20:10:27] Login successful for admin; usertype=ADMIN
[2025-12-03 20:14:42] Entered login() method. METHOD=POST POST=["txtUsername","txtPassword","btnLogin"]
[2025-12-03 20:14:42] Attempt login for username='admin'
[2025-12-03 20:14:42] Result of loginPlain: FOUND
[2025-12-03 20:14:42] Login successful for admin; usertype=ADMIN
[2025-12-03 20:25:45] Entered login() method. METHOD=POST POST=["txtUsername","txtPassword","btnLogin"]
[2025-12-03 20:25:45] Attempt login for username='admin'
[2025-12-03 20:25:45] Result of loginPlain: FOUND
[2025-12-03 20:25:45] Login successful for admin; usertype=ADMIN
[2025-12-03 20:28:26] Entered login() method. METHOD=POST POST=["txtUsername","txtPassword","btnLogin"]
[2025-12-03 20:28:26] Attempt login for username='admin'
[2025-12-03 20:28:26] Result of loginPlain: FOUND
[2025-12-03 20:28:26] Login successful for admin; usertype=ADMIN
[2025-12-03 20:29:38] Entered login() method. METHOD=POST POST=["txtUsername","txtPassword","btnLogin"]
[2025-12-03 20:29:38] Attempt login for username='admin'
[2025-12-03 20:29:38] Result of loginPlain: FOUND
[2025-12-03 20:29:38] Login successful for admin; usertype=ADMIN
[2025-12-03 20:32:15] Entered login() method. METHOD=POST POST=["txtUsername","txtPassword","btnLogin"]
[2025-12-03 20:32:15] Attempt login for username='admin'
[2025-12-03 20:32:15] Result of loginPlain: FOUND
[2025-12-03 20:32:15] Login successful for admin; usertype=ADMIN
[2025-12-03 20:33:53] Entered login() method. METHOD=POST POST=["txtUsername","txtPassword","btnLogin"]
[2025-12-03 20:33:53] Attempt login for username='ad'
[2025-12-03 20:33:53] Result of loginPlain: NOT FOUND
[2025-12-03 20:33:53] findByUsername returned no user
[2025-12-03 20:33:53] Login failed for ad — redirecting back to /login
[2025-12-03 20:33:57] Entered login() method. METHOD=POST POST=["txtUsername","txtPassword","btnLogin"]
[2025-12-03 20:33:57] Attempt login for username='admin'
[2025-12-03 20:33:57] Result of loginPlain: FOUND
[2025-12-03 20:33:57] Login successful for admin; usertype=ADMIN
[2025-12-03 20:36:47] Entered login() method. METHOD=POST POST=["txtUsername","txtPassword","btnLogin"]
[2025-12-03 20:36:47] Attempt login for username='admin'
[2025-12-03 20:36:47] Result of loginPlain: FOUND
[2025-12-03 20:36:47] Login successful for admin; usertype=ADMIN
[2025-12-03 20:43:15] Entered login() method. METHOD=POST POST=["txtUsername","txtPassword","btnLogin"]
[2025-12-03 20:43:15] Attempt login for username='admin'
[2025-12-03 20:43:15] Result of loginPlain: FOUND
[2025-12-03 20:43:15] Login successful for admin; usertype=ADMIN
[2025-12-03 20:48:23] Entered login() method. METHOD=POST POST=["txtUsername","txtPassword","btnLogin"]
[2025-12-03 20:48:23] Attempt login for username='admin'
[2025-12-03 20:48:23] Result of loginPlain: FOUND
[2025-12-03 20:48:23] Login successful for admin; usertype=ADMIN
[2025-12-03 20:48:30] Entered login() method. METHOD=POST POST=["txtUsername","txtPassword","btnLogin"]
[2025-12-03 20:48:30] Attempt login for username='admin'
[2025-12-03 20:48:30] Result of loginPlain: FOUND
[2025-12-03 20:48:30] Login successful for admin; usertype=ADMIN
[2025-12-03 20:48:34] Entered login() method. METHOD=POST POST=["txtUsername","txtPassword","btnLogin"]
[2025-12-03 20:48:34] Attempt login for username='admin'
[2025-12-03 20:48:34] Result of loginPlain: FOUND
[2025-12-03 20:48:34] Login successful for admin; usertype=ADMIN
[2025-12-03 20:55:02] Entered login() method. METHOD=POST POST=["txtUsername","txtPassword","btnLogin"]
[2025-12-03 20:55:02] Attempt login for username='admin'
[2025-12-03 20:55:02] Result of loginPlain: FOUND
[2025-12-03 20:55:02] Login successful for admin; usertype=ADMIN
[2025-12-03 21:09:23] Entered login() method. METHOD=POST POST=["txtUsername","txtPassword","btnLogin"]
[2025-12-03 21:09:23] Attempt login for username='admin'
[2025-12-03 21:09:23] Result of loginPlain: FOUND
[2025-12-03 21:09:23] Login successful for admin; usertype=ADMIN
[2025-12-03 21:10:51] Entered login() method. METHOD=POST POST=["txtUsername","txtPassword","btnLogin"]
[2025-12-03 21:10:51] Attempt login for username='admin'
[2025-12-03 21:10:51] Result of loginPlain: FOUND
[2025-12-03 21:10:51] Login successful for admin; usertype=ADMIN
[2025-12-03 21:11:07] Entered login() method. METHOD=POST POST=["txtUsername","txtPassword","btnLogin"]
[2025-12-03 21:11:07] Attempt login for username='admin'
[2025-12-03 21:11:07] Result of loginPlain: FOUND
[2025-12-03 21:11:07] Login successful for admin; usertype=ADMIN
[2025-12-03 21:11:34] Entered login() method. METHOD=POST POST=["txtUsername","txtPassword","btnLogin"]
[2025-12-03 21:11:34] Attempt login for username='admin'
[2025-12-03 21:11:34] Result of loginPlain: FOUND
[2025-12-03 21:11:34] Login successful for admin; usertype=ADMIN
[2025-12-03 21:11:39] Entered login() method. METHOD=POST POST=["txtUsername","txtPassword","btnLogin"]
[2025-12-03 21:11:39] Attempt login for username='asdas'
[2025-12-03 21:11:39] Result of loginPlain: NOT FOUND
[2025-12-03 21:11:39] findByUsername returned no user
[2025-12-03 21:11:39] Login failed for asdas — redirecting back to /login
[2025-12-03 21:11:56] Entered login() method. METHOD=POST POST=["txtUsername","txtPassword","btnLogin"]
[2025-12-03 21:11:56] Attempt login for username='sm.roseanne'
[2025-12-03 21:11:56] Result of loginPlain: FOUND
[2025-12-03 21:11:56] Login successful for sm.roseanne; usertype=ADMIN
[2025-12-03 21:16:57] Entered login() method. METHOD=POST POST=["txtUsername","txtPassword","btnLogin"]
[2025-12-03 21:16:57] Attempt login for username='admin'
[2025-12-03 21:16:57] Result of loginPlain: FOUND
[2025-12-03 21:16:57] Login successful for admin; usertype=ADMIN
[2025-12-04 06:39:39] Entered login() method. METHOD=POST POST=["txtUsername","txtPassword","btnLogin"]
[2025-12-04 06:39:39] Attempt login for username='admin'
[2025-12-04 06:39:39] Result of loginPlain: FOUND
[2025-12-04 06:39:39] Login successful for admin; usertype=ADMIN
[2025-12-04 07:25:30] Entered login() method. METHOD=POST POST=["txtUsername","txtPassword","btnLogin"]
[2025-12-04 07:25:30] Attempt login for username='admin'
[2025-12-04 07:25:30] Result of loginPlain: FOUND
[2025-12-04 07:25:30] Login successful for admin; usertype=ADMIN
[2025-12-04 07:25:57] Entered login() method. METHOD=POST POST=["txtUsername","txtPassword","btnLogin"]
[2025-12-04 07:25:57] Attempt login for username='smiran.rolandjosh'
[2025-12-04 07:25:57] Result of loginPlain: FOUND
[2025-12-04 07:25:57] Login successful for smiran.rolandjosh; usertype=EMPLOYEE
[2025-12-04 07:26:20] Entered login() method. METHOD=POST POST=["txtUsername","txtPassword","btnLogin"]
[2025-12-04 07:26:20] Attempt login for username='smiran.kenneth'
[2025-12-04 07:26:20] Result of loginPlain: FOUND
[2025-12-04 07:26:20] Login successful for smiran.kenneth; usertype=IT
[2025-12-04 07:36:25] Entered login() method. METHOD=POST POST=["txtUsername","txtPassword","btnLogin"]
[2025-12-04 07:36:25] Attempt login for username='smiran.kenneth'
[2025-12-04 07:36:25] Result of loginPlain: NOT FOUND
[2025-12-04 07:36:25] findByUsername found a user; checking hashed password
[2025-12-04 07:36:25] password_verify failed
[2025-12-04 07:36:25] Login failed for smiran.kenneth — redirecting back to /login
[2025-12-04 07:36:27] Entered login() method. METHOD=POST POST=["txtUsername","txtPassword","btnLogin"]
[2025-12-04 07:36:27] Attempt login for username='admin'
[2025-12-04 07:36:27] Result of loginPlain: FOUND
[2025-12-04 07:36:27] Login successful for admin; usertype=ADMIN
[2025-12-04 07:37:06] Entered login() method. METHOD=POST POST=["txtUsername","txtPassword","btnLogin"]
[2025-12-04 07:37:06] Attempt login for username='admin'
[2025-12-04 07:37:06] Result of loginPlain: FOUND
[2025-12-04 07:37:06] Login successful for admin; usertype=ADMIN
[2025-12-04 08:08:51] Entered login() method. METHOD=POST POST=["txtUsername","txtPassword","btnLogin"]
[2025-12-04 08:08:51] Attempt login for username='admin'
[2025-12-04 08:08:51] Result of loginPlain: FOUND
[2025-12-04 08:08:51] Login successful for admin; usertype=ADMIN
[2025-12-04 08:09:51] Entered login() method. METHOD=POST POST=["txtUsername","txtPassword","btnLogin"]
[2025-12-04 08:09:51] Attempt login for username='admin'
[2025-12-04 08:09:51] Result of loginPlain: FOUND
[2025-12-04 08:09:51] Login successful for admin; usertype=ADMIN
[2025-12-04 08:44:13] Entered login() method. METHOD=POST POST=["txtUsername","txtPassword","btnLogin"]
[2025-12-04 08:44:13] Attempt login for username='admin'
[2025-12-04 08:44:13] Result of loginPlain: FOUND
[2025-12-04 08:44:13] Login successful for admin; usertype=ADMIN
[2025-12-04 09:02:53] Entered login() method. METHOD=POST POST=["txtUsername","txtPassword","btnLogin"]
[2025-12-04 09:02:53] Attempt login for username='admin'
[2025-12-04 09:02:53] Result of loginPlain: FOUND
[2025-12-04 09:02:53] Login successful for admin; usertype=ADMIN
[2025-12-04 09:04:27] Entered login() method. METHOD=POST POST=["txtUsername","txtPassword","btnLogin"]
[2025-12-04 09:04:27] Attempt login for username='admin'
[2025-12-04 09:04:27] Result of loginPlain: FOUND
[2025-12-04 09:04:27] Login successful for admin; usertype=ADMIN
[2025-12-04 09:05:09] Entered login() method. METHOD=POST POST=["txtUsername","txtPassword","btnLogin"]
[2025-12-04 09:05:09] Attempt login for username='admin'
[2025-12-04 09:05:09] Result of loginPlain: FOUND
[2025-12-04 09:05:09] Login successful for admin; usertype=ADMIN
[2025-12-04 09:05:20] Entered login() method. METHOD=POST POST=["txtUsername","txtPassword","btnLogin"]
[2025-12-04 09:05:20] Attempt login for username='admin'
[2025-12-04 09:05:20] Result of loginPlain: FOUND
[2025-12-04 09:05:20] Login successful for admin; usertype=ADMIN
[2025-12-04 09:26:54] Entered login() method. METHOD=POST POST=["txtUsername","txtPassword","btnLogin"]
[2025-12-04 09:26:54] Attempt login for username='admin'
[2025-12-04 09:26:54] Result of loginPlain: FOUND
[2025-12-04 09:26:54] Login successful for admin; usertype=ADMIN
[2025-12-04 14:07:58] Entered login() method. METHOD=POST POST=["txtUsername","txtPassword","btnLogin"]
[2025-12-04 14:07:58] Attempt login for username='admin'
[2025-12-04 14:07:58] Result of loginPlain: FOUND
[2025-12-04 14:07:58] Login successful for admin; usertype=ADMIN
[2025-12-08 10:05:26] Entered login() method. METHOD=POST POST=["txtUsername","txtPassword","btnLogin"]
[2025-12-08 10:05:26] Attempt login for username='admin'
[2025-12-08 10:05:26] Result of loginPlain: FOUND
[2025-12-08 10:05:26] Login successful for admin; usertype=ADMIN
[2025-12-08 11:23:07] Entered login() method. METHOD=POST POST=["txtUsername","txtPassword","btnLogin"]
[2025-12-08 11:23:07] Attempt login for username='smiran.rolandjosh'
[2025-12-08 11:23:07] Result of loginPlain: NOT FOUND
[2025-12-08 11:23:07] findByUsername found a user; checking hashed password
[2025-12-08 11:23:07] password_verify failed
[2025-12-08 11:23:07] Login failed for smiran.rolandjosh — redirecting back to /login
[2025-12-08 11:34:56] Entered login() method. METHOD=POST POST=["txtUsername","txtPassword","btnLogin"]
[2025-12-08 11:34:56] Attempt login for username='smiran.rolandjosh'
[2025-12-08 11:34:56] findByUsername returned: FOUND
[2025-12-08 11:34:56] Stored password appears hashed; using password_verify
[2025-12-08 11:34:56] password_verify failed
[2025-12-08 11:34:56] Login failed for smiran.rolandjosh — redirecting back to /login
[2025-12-08 11:35:09] Entered login() method. METHOD=POST POST=["txtUsername","txtPassword","btnLogin"]
[2025-12-08 11:35:09] Attempt login for username='admin'
[2025-12-08 11:35:09] findByUsername returned: FOUND
[2025-12-08 11:35:09] Stored password appears plain; performing direct compare (legacy)
[2025-12-08 11:35:09] Plaintext compare succeeded
[2025-12-08 11:35:09] Login successful for admin; usertype=ADMIN
[2025-12-08 11:35:25] Entered login() method. METHOD=POST POST=["txtUsername","txtPassword","btnLogin"]
[2025-12-08 11:35:25] Attempt login for username='smiran.rolandjosh'
[2025-12-08 11:35:25] findByUsername returned: FOUND
[2025-12-08 11:35:25] Stored password appears hashed; using password_verify
[2025-12-08 11:35:25] password_verify failed
[2025-12-08 11:35:25] Login failed for smiran.rolandjosh — redirecting back to /login
[2025-12-08 11:40:43] Entered login() method. METHOD=POST POST=["txtUsername","txtPassword","btnLogin"]
[2025-12-08 11:40:43] Attempt login for username='smiran.rolandjosh'
[2025-12-08 11:40:43] findByUsername returned: FOUND
[2025-12-08 11:40:43] Stored password appears hashed; using password_verify
[2025-12-08 11:40:43] password_verify failed
[2025-12-08 11:40:43] Login failed for smiran.rolandjosh — redirecting back to /login
[2025-12-08 11:40:46] Entered login() method. METHOD=POST POST=["txtUsername","txtPassword","btnLogin"]
[2025-12-08 11:40:46] Attempt login for username='admin'
[2025-12-08 11:40:46] findByUsername returned: FOUND
[2025-12-08 11:40:46] Stored password appears plain; performing direct compare (legacy)
[2025-12-08 11:40:46] Plaintext compare succeeded
[2025-12-08 11:40:46] Login successful for admin; usertype=ADMIN
[2025-12-08 11:41:05] Entered login() method. METHOD=POST POST=["txtUsername","txtPassword","btnLogin"]
[2025-12-08 11:41:05] Attempt login for username='smiran.rolandjosh'
[2025-12-08 11:41:05] findByUsername returned: FOUND
[2025-12-08 11:41:05] Stored password appears hashed; using password_verify
[2025-12-08 11:41:05] password_verify failed
[2025-12-08 11:41:05] Login failed for smiran.rolandjosh — redirecting back to /login
[2025-12-08 11:42:30] Entered login() method. METHOD=POST POST=["txtUsername","txtPassword","btnLogin"]
[2025-12-08 11:42:30] Attempt login for username='admin'
[2025-12-08 11:42:30] findByUsername returned: FOUND
[2025-12-08 11:42:30] Stored password appears plain; performing direct compare (legacy)
[2025-12-08 11:42:30] Plaintext compare succeeded
[2025-12-08 11:42:30] Login successful for admin; usertype=ADMIN
[2025-12-08 11:42:39] Entered login() method. METHOD=POST POST=["txtUsername","txtPassword","btnLogin"]
[2025-12-08 11:42:39] Attempt login for username='smiran.rolandjosh'
[2025-12-08 11:42:39] findByUsername returned: FOUND
[2025-12-08 11:42:39] Stored password appears hashed; using password_verify
[2025-12-08 11:42:39] password_verify failed
[2025-12-08 11:42:39] Login failed for smiran.rolandjosh — redirecting back to /login
[2025-12-08 11:42:49] Entered login() method. METHOD=POST POST=["txtUsername","txtPassword","btnLogin"]
[2025-12-08 11:42:49] Attempt login for username='smiran.rolandjosh'
[2025-12-08 11:42:49] findByUsername returned: FOUND
[2025-12-08 11:42:49] Stored password appears hashed; using password_verify
[2025-12-08 11:42:49] password_verify failed
[2025-12-08 11:42:49] Login failed for smiran.rolandjosh — redirecting back to /login
[2025-12-08 11:51:45] Entered login() method. METHOD=POST POST=["txtUsername","txtPassword","btnLogin"]
[2025-12-08 11:51:45] Attempt login for username='smiran.rolandjosh'
[2025-12-08 11:51:45] findByUsername returned: FOUND
[2025-12-08 11:51:45] Stored password appears hashed; using password_verify
[2025-12-08 11:51:46] password_verify failed
[2025-12-08 11:51:46] Login failed for smiran.rolandjosh — redirecting back to /login
[2025-12-08 11:51:51] Entered login() method. METHOD=POST POST=["txtUsername","txtPassword","btnLogin"]
[2025-12-08 11:51:51] Attempt login for username='smiran.rolandjosh'
[2025-12-08 11:51:51] findByUsername returned: FOUND
[2025-12-08 11:51:51] Stored password appears hashed; using password_verify
[2025-12-08 11:51:51] password_verify failed
[2025-12-08 11:51:51] Login failed for smiran.rolandjosh — redirecting back to /login
[2025-12-08 11:51:54] Entered login() method. METHOD=POST POST=["txtUsername","txtPassword","btnLogin"]
[2025-12-08 11:51:54] Attempt login for username='admin'
[2025-12-08 11:51:54] findByUsername returned: FOUND
[2025-12-08 11:51:54] Stored password appears plain; performing direct compare (legacy)
[2025-12-08 11:51:54] Plaintext compare succeeded
[2025-12-08 11:51:54] Login successful for admin; usertype=ADMIN
[2025-12-08 11:52:07] Entered login() method. METHOD=POST POST=["txtUsername","txtPassword","btnLogin"]
[2025-12-08 11:52:07] Attempt login for username='smiran.rolandjosh'
[2025-12-08 11:52:07] findByUsername returned: FOUND
[2025-12-08 11:52:07] Stored password appears hashed; using password_verify
[2025-12-08 11:52:07] password_verify failed
[2025-12-08 11:52:07] Login failed for smiran.rolandjosh — redirecting back to /login
[2025-12-08 12:06:30] Entered login() method. METHOD=POST POST=["txtUsername","txtPassword","btnLogin"]
[2025-12-08 12:06:30] Attempt login for username='admin'
[2025-12-08 12:06:30] findByUsername returned: FOUND
[2025-12-08 12:06:30] Stored password appears plain; performing direct compare (legacy)
[2025-12-08 12:06:30] Plaintext compare succeeded
[2025-12-08 12:06:30] Login successful for admin; usertype=ADMIN
[2025-12-08 12:06:47] Entered login() method. METHOD=POST POST=["txtUsername","txtPassword","btnLogin"]
[2025-12-08 12:06:47] Attempt login for username='smiran.rolandjosh'
[2025-12-08 12:06:47] findByUsername returned: FOUND
[2025-12-08 12:06:47] Stored password appears hashed; using password_verify
[2025-12-08 12:06:47] password_verify failed
[2025-12-08 12:06:47] Login failed for smiran.rolandjosh — redirecting back to /login
[2025-12-08 12:08:58] Entered login() method. METHOD=POST POST=["txtUsername","txtPassword","btnLogin"]
[2025-12-08 12:08:58] Attempt login for username='admin'
[2025-12-08 12:08:58] findByUsername returned: FOUND
[2025-12-08 12:08:58] Stored password appears plain; performing direct compare (legacy)
[2025-12-08 12:08:58] Plaintext compare succeeded
[2025-12-08 12:08:58] Login successful for admin; usertype=ADMIN
[2025-12-08 12:09:08] Entered login() method. METHOD=POST POST=["txtUsername","txtPassword","btnLogin"]
[2025-12-08 12:09:08] Attempt login for username='smiran.rolandjosh'
[2025-12-08 12:09:08] findByUsername returned: FOUND
[2025-12-08 12:09:08] Stored password appears hashed; using password_verify
[2025-12-08 12:09:09] password_verify failed
[2025-12-08 12:09:09] Login failed for smiran.rolandjosh — redirecting back to /login
[2025-12-08 12:15:01] Entered login() method. METHOD=POST POST=["txtUsername","txtPassword","btnLogin"]
[2025-12-08 12:15:01] Attempt login for username='smiran.rolandjosh'
[2025-12-08 12:15:01] findByUsername returned: FOUND
[2025-12-08 12:15:01] Stored password appears hashed; using password_verify
[2025-12-08 12:15:01] password_verify failed
[2025-12-08 12:15:01] Login failed for smiran.rolandjosh — redirecting back to /login
[2025-12-08 12:15:05] Entered login() method. METHOD=POST POST=["txtUsername","txtPassword","btnLogin"]
[2025-12-08 12:15:05] Attempt login for username='admin'
[2025-12-08 12:15:05] findByUsername returned: FOUND
[2025-12-08 12:15:05] Stored password appears plain; performing direct compare (legacy)
[2025-12-08 12:15:05] Plaintext compare succeeded
[2025-12-08 12:15:05] Login successful for admin; usertype=ADMIN
[2025-12-08 12:28:16] Entered login() method. METHOD=POST POST=["txtUsername","txtPassword","btnLogin"]
[2025-12-08 12:28:16] Attempt login for username='smiran.rolandjosh'
[2025-12-08 12:28:16] findByUsername returned: FOUND
[2025-12-08 12:28:16] Stored password appears hashed; using password_verify
[2025-12-08 12:28:17] password_verify succeeded
[2025-12-08 12:28:17] Login successful for smiran.rolandjosh; usertype=ADMIN
[2025-12-08 12:29:47] Entered login() method. METHOD=POST POST=["txtUsername","txtPassword","btnLogin"]
[2025-12-08 12:29:47] Attempt login for username='smiran.rolandjosh'
[2025-12-08 12:29:47] findByUsername returned: FOUND
[2025-12-08 12:29:47] Stored password appears hashed; using password_verify
[2025-12-08 12:29:47] password_verify failed
[2025-12-08 12:29:47] Login failed for smiran.rolandjosh — redirecting back to /login
[2025-12-08 12:29:49] Entered login() method. METHOD=POST POST=["txtUsername","txtPassword","btnLogin"]
[2025-12-08 12:29:49] Attempt login for username='smiran.rolandjosh'
[2025-12-08 12:29:49] findByUsername returned: FOUND
[2025-12-08 12:29:49] Stored password appears hashed; using password_verify
[2025-12-08 12:29:49] password_verify failed
[2025-12-08 12:29:49] Login failed for smiran.rolandjosh — redirecting back to /login
[2025-12-08 13:21:19] Entered login() method. METHOD=POST POST=["txtUsername","txtPassword","btnLogin"]
[2025-12-08 13:21:19] Attempt login for username='admin'
[2025-12-08 13:21:19] findByUsername returned: FOUND
[2025-12-08 13:21:19] Stored password appears plain; performing direct compare (legacy)
[2025-12-08 13:21:19] Plaintext compare succeeded
[2025-12-08 13:21:19] Login successful for admin; usertype=ADMIN
[2025-12-08 13:23:37] Entered login() method. METHOD=POST POST=["txtUsername","txtPassword","btnLogin"]
[2025-12-08 13:23:37] Attempt login for username='smiran.rolandjosh'
[2025-12-08 13:23:37] findByUsername returned: FOUND
[2025-12-08 13:23:37] Stored password appears hashed; using password_verify
[2025-12-08 13:23:37] password_verify failed
[2025-12-08 13:23:37] Login failed for smiran.rolandjosh — redirecting back to /login
[2025-12-08 13:24:20] Entered login() method. METHOD=POST POST=["txtUsername","txtPassword","btnLogin"]
[2025-12-08 13:24:20] Attempt login for username='smiran.rolandjosh'
[2025-12-08 13:24:20] findByUsername returned: FOUND
[2025-12-08 13:24:20] Stored password appears hashed; using password_verify
[2025-12-08 13:24:20] password_verify failed
[2025-12-08 13:24:20] Login failed for smiran.rolandjosh — redirecting back to /login
[2025-12-08 13:25:00] Entered login() method. METHOD=POST POST=["txtUsername","txtPassword","btnLogin"]
[2025-12-08 13:25:00] Attempt login for username='smiran.rolandjosh'
[2025-12-08 13:25:00] findByUsername returned: FOUND
[2025-12-08 13:25:00] Stored password appears hashed; using password_verify
[2025-12-08 13:25:00] password_verify failed
[2025-12-08 13:25:00] Login failed for smiran.rolandjosh — redirecting back to /login
[2025-12-08 13:34:17] Entered login() method. METHOD=POST POST=["txtUsername","txtPassword","btnLogin"]
[2025-12-08 13:34:17] Attempt login for username='admin'
[2025-12-08 13:34:17] findByUsername returned: FOUND
[2025-12-08 13:34:17] Stored password appears plain; performing direct compare (legacy)
[2025-12-08 13:34:17] Plaintext compare failed
[2025-12-08 13:34:17] Login failed for admin — redirecting back to /login
[2025-12-08 13:34:20] Entered login() method. METHOD=POST POST=["txtUsername","txtPassword","btnLogin"]
[2025-12-08 13:34:20] Attempt login for username='admin'
[2025-12-08 13:34:20] findByUsername returned: FOUND
[2025-12-08 13:34:20] Stored password appears plain; performing direct compare (legacy)
[2025-12-08 13:34:20] Plaintext compare succeeded
[2025-12-08 13:34:20] Login successful for admin; usertype=ADMIN
[2025-12-08 13:35:21] Entered login() method. METHOD=POST POST=["txtUsername","txtPassword","btnLogin"]
[2025-12-08 13:35:21] Attempt login for username='smiran.rolandjosh'
[2025-12-08 13:35:21] findByUsername returned: FOUND
[2025-12-08 13:35:21] Stored password appears hashed; using password_verify
[2025-12-08 13:35:21] password_verify failed
[2025-12-08 13:35:21] Login failed for smiran.rolandjosh — redirecting back to /login
[2025-12-08 13:42:49] Entered login() method. METHOD=POST POST=["txtUsername","txtPassword","btnLogin"]
[2025-12-08 13:42:49] Attempt login for username='admin'
[2025-12-08 13:42:49] findByUsername returned: FOUND
[2025-12-08 13:42:49] Stored password appears plain; performing direct compare (legacy)
[2025-12-08 13:42:49] Plaintext compare succeeded
[2025-12-08 13:42:49] Login successful for admin; usertype=ADMIN
[2025-12-08 13:43:07] Entered login() method. METHOD=POST POST=["txtUsername","txtPassword","btnLogin"]
[2025-12-08 13:43:07] Attempt login for username='smiran.rolandjosh'
[2025-12-08 13:43:07] findByUsername returned: FOUND
[2025-12-08 13:43:07] Stored password appears hashed; using password_verify
[2025-12-08 13:43:07] password_verify failed
[2025-12-08 13:43:07] Login failed for smiran.rolandjosh — redirecting back to /login
[2025-12-08 13:43:09] Entered login() method. METHOD=POST POST=["txtUsername","txtPassword","btnLogin"]
[2025-12-08 13:43:09] Attempt login for username='admin'
[2025-12-08 13:43:09] findByUsername returned: FOUND
[2025-12-08 13:43:09] Stored password appears plain; performing direct compare (legacy)
[2025-12-08 13:43:09] Plaintext compare succeeded
[2025-12-08 13:43:09] Login successful for admin; usertype=ADMIN
[2025-12-08 13:43:37] Entered login() method. METHOD=POST POST=["txtUsername","txtPassword","btnLogin"]
[2025-12-08 13:43:37] Attempt login for username='smiran.rolandjosh'
[2025-12-08 13:43:37] findByUsername returned: FOUND
[2025-12-08 13:43:37] Stored password appears hashed; using password_verify
[2025-12-08 13:43:37] password_verify failed
[2025-12-08 13:43:37] Login failed for smiran.rolandjosh — redirecting back to /login
[2025-12-08 13:43:39] Entered login() method. METHOD=POST POST=["txtUsername","txtPassword","btnLogin"]
[2025-12-08 13:43:39] Attempt login for username='admin'
[2025-12-08 13:43:39] findByUsername returned: FOUND
[2025-12-08 13:43:39] Stored password appears plain; performing direct compare (legacy)
[2025-12-08 13:43:39] Plaintext compare succeeded
[2025-12-08 13:43:39] Login successful for admin; usertype=ADMIN
[2025-12-08 13:43:51] Entered login() method. METHOD=POST POST=["txtUsername","txtPassword","btnLogin"]
[2025-12-08 13:43:51] Attempt login for username='smiran.rolandjosh'
[2025-12-08 13:43:51] findByUsername returned: FOUND
[2025-12-08 13:43:51] Stored password appears hashed; using password_verify
[2025-12-08 13:43:51] password_verify failed
[2025-12-08 13:43:51] Login failed for smiran.rolandjosh — redirecting back to /login
[2025-12-08 14:05:22] Entered login() method. METHOD=POST POST=["txtUsername","txtPassword","btnLogin"]
[2025-12-08 14:05:22] Attempt login for username='admin'
[2025-12-08 14:05:22] findByUsername returned: FOUND
[2025-12-08 14:05:22] Stored password appears plain; performing direct compare (legacy)
[2025-12-08 14:05:22] Plaintext compare succeeded
[2025-12-08 14:05:22] Login successful for admin; usertype=ADMIN
[2025-12-08 14:05:26] Entered login() method. METHOD=POST POST=["txtUsername","txtPassword","btnLogin"]
[2025-12-08 14:05:26] Attempt login for username='smiran.rolandjosh'
[2025-12-08 14:05:26] findByUsername returned: FOUND
[2025-12-08 14:05:26] Stored password appears hashed; using password_verify
[2025-12-08 14:05:27] password_verify failed
[2025-12-08 14:05:27] Login failed for smiran.rolandjosh — redirecting back to /login
[2025-12-08 14:05:33] Entered login() method. METHOD=POST POST=["txtUsername","txtPassword","btnLogin"]
[2025-12-08 14:05:33] Attempt login for username='admin'
[2025-12-08 14:05:33] findByUsername returned: FOUND
[2025-12-08 14:05:33] Stored password appears plain; performing direct compare (legacy)
[2025-12-08 14:05:33] Plaintext compare succeeded
[2025-12-08 14:05:33] Login successful for admin; usertype=ADMIN
[2025-12-08 14:11:02] Entered login() method. METHOD=POST POST=["txtUsername","txtPassword","btnLogin"]
[2025-12-08 14:11:02] Attempt login for username='smiran.rolandjosh'
[2025-12-08 14:11:02] findByUsername returned: FOUND
[2025-12-08 14:11:02] Stored password appears hashed; using password_verify
[2025-12-08 14:11:02] password_verify failed
[2025-12-08 14:11:02] Login failed for smiran.rolandjosh — redirecting back to /login
[2025-12-08 14:11:04] Entered login() method. METHOD=POST POST=["txtUsername","txtPassword","btnLogin"]
[2025-12-08 14:11:04] Attempt login for username='smiran.rolandjosh'
[2025-12-08 14:11:04] findByUsername returned: FOUND
[2025-12-08 14:11:04] Stored password appears hashed; using password_verify
[2025-12-08 14:11:04] password_verify failed
[2025-12-08 14:11:04] Login failed for smiran.rolandjosh — redirecting back to /login
[2025-12-08 14:14:19] Entered login() method. METHOD=POST POST=["txtUsername","txtPassword","btnLogin"]
[2025-12-08 14:14:19] Attempt login for username='admin'
[2025-12-08 14:14:19] findByUsername returned: FOUND
[2025-12-08 14:14:19] Stored password appears plain; performing direct compare (legacy)
[2025-12-08 14:14:19] Plaintext compare succeeded
[2025-12-08 14:14:19] Login successful for admin; usertype=ADMIN
[2025-12-08 14:31:30] Entered login() method. METHOD=POST POST=["txtUsername","txtPassword","btnLogin"]
[2025-12-08 14:31:30] Attempt login for username='smiran.rolandjosh'
[2025-12-08 14:31:30] findByUsername returned: FOUND
[2025-12-08 14:31:30] Stored password appears hashed; using password_verify
[2025-12-08 14:31:30] password_verify succeeded
[2025-12-08 14:31:30] Login successful for smiran.rolandjosh; usertype=ADMIN
[2025-12-08 14:32:01] Entered login() method. METHOD=POST POST=["txtUsername","txtPassword","btnLogin"]
[2025-12-08 14:32:01] Attempt login for username='smiran.rolandjosh'
[2025-12-08 14:32:01] findByUsername returned: FOUND
[2025-12-08 14:32:01] Stored password appears hashed; using password_verify
[2025-12-08 14:32:01] password_verify failed
[2025-12-08 14:32:01] Login failed for smiran.rolandjosh — redirecting back to /login
[2025-12-08 14:32:06] Entered login() method. METHOD=POST POST=["txtUsername","txtPassword","btnLogin"]
[2025-12-08 14:32:06] Attempt login for username='smiran.rolandjosh'
[2025-12-08 14:32:06] findByUsername returned: FOUND
[2025-12-08 14:32:06] Stored password appears hashed; using password_verify
[2025-12-08 14:32:06] password_verify succeeded
[2025-12-08 14:32:06] Login successful for smiran.rolandjosh; usertype=ADMIN
[2025-12-08 14:32:23] Entered login() method. METHOD=POST POST=["txtUsername","txtPassword","btnLogin"]
[2025-12-08 14:32:23] Attempt login for username='admin'
[2025-12-08 14:32:23] findByUsername returned: FOUND
[2025-12-08 14:32:23] Stored password appears plain; performing direct compare (legacy)
[2025-12-08 14:32:23] Plaintext compare succeeded
[2025-12-08 14:32:23] Login successful for admin; usertype=ADMIN
[2025-12-08 14:32:39] Entered login() method. METHOD=POST POST=["txtUsername","txtPassword","btnLogin"]
[2025-12-08 14:32:39] Attempt login for username='smiran.rolandjosh'
[2025-12-08 14:32:39] findByUsername returned: FOUND
[2025-12-08 14:32:39] Stored password appears hashed; using password_verify
[2025-12-08 14:32:39] password_verify succeeded
[2025-12-08 14:32:39] Login successful for smiran.rolandjosh; usertype=ADMIN
[2025-12-08 14:32:56] Entered login() method. METHOD=POST POST=["txtUsername","txtPassword","btnLogin"]
[2025-12-08 14:32:56] Attempt login for username='admin'
[2025-12-08 14:32:56] findByUsername returned: FOUND
[2025-12-08 14:32:56] Stored password appears plain; performing direct compare (legacy)
[2025-12-08 14:32:56] Plaintext compare succeeded
[2025-12-08 14:32:56] Login successful for admin; usertype=ADMIN
[2025-12-08 15:24:53] Entered login() method. METHOD=POST POST=["txtUsername","txtPassword","btnLogin"]
[2025-12-08 15:24:53] Attempt login for username='admin'
[2025-12-08 15:24:53] findByUsername returned: FOUND
[2025-12-08 15:24:53] Stored password appears plain; performing direct compare (legacy)
[2025-12-08 15:24:53] Plaintext compare succeeded
[2025-12-08 15:24:53] Login successful for admin; usertype=ADMIN
[2025-12-08 17:23:28] Entered login() method. METHOD=POST POST=["txtUsername","txtPassword","btnLogin"]
[2025-12-08 17:23:28] Attempt login for username='admin'
[2025-12-08 17:23:28] findByUsername returned: FOUND
[2025-12-08 17:23:28] Stored password appears plain; performing direct compare (legacy)
[2025-12-08 17:23:28] Plaintext compare succeeded
[2025-12-08 17:23:28] Login successful for admin; usertype=ADMIN
[2025-12-08 18:39:39] Entered login() method. METHOD=POST POST=["txtUsername","txtPassword","btnLogin"]
[2025-12-08 18:39:39] Attempt login for username='test'
[2025-12-08 18:39:39] findByUsername returned: FOUND
[2025-12-08 18:39:39] Stored password appears hashed; using password_verify
[2025-12-08 18:39:39] password_verify succeeded
[2025-12-08 18:39:39] Login successful for test; usertype=ADMIN
[2025-12-09 04:18:55] Entered login() method. METHOD=POST POST=["txtUsername","txtPassword","btnLogin"]
[2025-12-09 04:18:55] Attempt login for username='admin'
[2025-12-09 04:18:55] findByUsername returned: FOUND
[2025-12-09 04:18:55] Stored password appears plain; performing direct compare (legacy)
[2025-12-09 04:18:55] Plaintext compare succeeded
[2025-12-09 04:18:55] Login successful for admin; usertype=ADMIN
[2025-12-09 04:27:14] Entered login() method. METHOD=POST POST=["txtUsername","txtPassword","btnLogin"]
[2025-12-09 04:27:14] Attempt login for username='admin'
[2025-12-09 04:27:14] findByUsername returned: FOUND
[2025-12-09 04:27:14] Stored password appears plain; performing direct compare (legacy)
[2025-12-09 04:27:14] Plaintext compare succeeded
[2025-12-09 04:27:14] Login successful for admin; usertype=ADMIN
[2025-12-11 13:37:31] Entered login() method. METHOD=POST POST=["txtUsername","txtPassword","btnLogin"]
[2025-12-11 13:37:31] Attempt login for username='admin'
[2025-12-11 13:37:31] findByUsername returned: FOUND
[2025-12-11 13:37:31] Stored password appears plain; performing direct compare (legacy)
[2025-12-11 13:37:31] Plaintext compare succeeded
[2025-12-11 13:37:31] Login successful for admin; usertype=ADMIN
[2025-12-12 01:08:41] Entered login() method. METHOD=POST POST=["txtUsername","txtPassword","btnLogin"]
[2025-12-12 01:08:41] Attempt login for username='smiran.rolandjosh'
[2025-12-12 01:08:41] findByUsername returned: FOUND
[2025-12-12 01:08:41] Stored password appears plain; performing direct compare (legacy)
[2025-12-12 01:08:41] Plaintext compare succeeded
[2025-12-12 01:08:41] Login successful for smiran.rolandjosh; usertype=EMPLOYEE
[2025-12-12 02:54:22] Entered login() method. METHOD=POST POST=["txtUsername","txtPassword","btnLogin"]
[2025-12-12 02:54:22] Attempt login for username='admin'
[2025-12-12 02:54:22] findByUsername returned: FOUND
[2025-12-12 02:54:22] Stored password appears plain; performing direct compare (legacy)
[2025-12-12 02:54:22] Plaintext compare succeeded
[2025-12-12 02:54:22] Login successful for admin; usertype=ADMIN
[2025-12-12 02:59:22] Entered login() method. METHOD=POST POST=["txtUsername","txtPassword","btnLogin"]
[2025-12-12 02:59:22] Attempt login for username='smiran.rolandjosh'
[2025-12-12 02:59:22] findByUsername returned: FOUND
[2025-12-12 02:59:22] Stored password appears plain; performing direct compare (legacy)
[2025-12-12 02:59:22] Plaintext compare succeeded
[2025-12-12 02:59:22] Login successful for smiran.rolandjosh; usertype=EMPLOYEE
[2025-12-12 03:51:32] Entered login() method. METHOD=POST POST=["txtUsername","txtPassword","btnLogin"]
[2025-12-12 03:51:32] Attempt login for username='admin'
[2025-12-12 03:51:32] findByUsername returned: FOUND
[2025-12-12 03:51:32] Stored password appears plain; performing direct compare (legacy)
[2025-12-12 03:51:32] Plaintext compare succeeded
[2025-12-12 03:51:32] Login successful for admin; usertype=ADMIN
[2025-12-12 04:09:53] Entered login() method. METHOD=POST POST=["txtUsername","txtPassword","btnLogin"]
[2025-12-12 04:09:53] Attempt login for username='admin'
[2025-12-12 04:09:53] findByUsername returned: FOUND
[2025-12-12 04:09:53] Stored password appears plain; performing direct compare (legacy)
[2025-12-12 04:09:53] Plaintext compare succeeded
[2025-12-12 04:09:53] Login successful for admin; usertype=ADMIN
[2025-12-12 04:12:00] Entered login() method. METHOD=POST POST=["txtUsername","txtPassword","btnLogin"]
[2025-12-12 04:12:00] Attempt login for username='smiran.rolandjosh'
[2025-12-12 04:12:00] findByUsername returned: FOUND
[2025-12-12 04:12:00] Stored password appears plain; performing direct compare (legacy)
[2025-12-12 04:12:00] Plaintext compare succeeded
[2025-12-12 04:12:00] Login successful for smiran.rolandjosh; usertype=EMPLOYEE
[2025-12-12 04:34:03] Entered login() method. METHOD=POST POST=["txtUsername","txtPassword","btnLogin"]
[2025-12-12 04:34:03] Attempt login for username='smiran.rolandjosh'
[2025-12-12 04:34:03] findByUsername returned: FOUND
[2025-12-12 04:34:03] Stored password appears plain; performing direct compare (legacy)
[2025-12-12 04:34:03] Plaintext compare succeeded
[2025-12-12 04:34:03] Login successful for smiran.rolandjosh; usertype=EMPLOYEE
[2025-12-12 04:34:09] Entered login() method. METHOD=POST POST=["txtUsername","txtPassword","btnLogin"]
[2025-12-12 04:34:09] Attempt login for username='smiran.rolandjosh'
[2025-12-12 04:34:09] findByUsername returned: FOUND
[2025-12-12 04:34:09] Stored password appears plain; performing direct compare (legacy)
[2025-12-12 04:34:09] Plaintext compare succeeded
[2025-12-12 04:34:09] Login successful for smiran.rolandjosh; usertype=EMPLOYEE
[2025-12-12 04:35:06] Entered login() method. METHOD=POST POST=["txtUsername","txtPassword","btnLogin"]
[2025-12-12 04:35:06] Attempt login for username='smiran.rolandjosh'
[2025-12-12 04:35:06] findByUsername returned: FOUND
[2025-12-12 04:35:06] Stored password appears plain; performing direct compare (legacy)
[2025-12-12 04:35:06] Plaintext compare succeeded
[2025-12-12 04:35:06] Login successful for smiran.rolandjosh; usertype=EMPLOYEE
[2025-12-12 04:35:57] Entered login() method. METHOD=POST POST=["txtUsername","txtPassword","btnLogin"]
[2025-12-12 04:35:57] Attempt login for username='smiran.rolandjosh'
[2025-12-12 04:35:57] findByUsername returned: FOUND
[2025-12-12 04:35:57] Stored password appears plain; performing direct compare (legacy)
[2025-12-12 04:35:57] Plaintext compare succeeded
[2025-12-12 04:35:57] Login successful for smiran.rolandjosh; usertype=EMPLOYEE
[2025-12-12 04:36:32] Entered login() method. METHOD=POST POST=["txtUsername","txtPassword","btnLogin"]
[2025-12-12 04:36:32] Attempt login for username='smiran.rolandjosh'
[2025-12-12 04:36:32] findByUsername returned: FOUND
[2025-12-12 04:36:32] Stored password appears plain; performing direct compare (legacy)
[2025-12-12 04:36:32] Plaintext compare succeeded
[2025-12-12 04:36:32] Login successful for smiran.rolandjosh; usertype=EMPLOYEE
[2025-12-12 04:36:40] Entered login() method. METHOD=POST POST=["txtUsername","txtPassword","btnLogin"]
[2025-12-12 04:36:40] Attempt login for username='smiran.rolandjosh'
[2025-12-12 04:36:40] findByUsername returned: FOUND
[2025-12-12 04:36:40] Stored password appears plain; performing direct compare (legacy)
[2025-12-12 04:36:40] Plaintext compare succeeded
[2025-12-12 04:36:40] Login successful for smiran.rolandjosh; usertype=EMPLOYEE
[2025-12-12 04:37:44] Entered login() method. METHOD=POST POST=["txtUsername","txtPassword","btnLogin"]
[2025-12-12 04:37:44] Attempt login for username='smiran.rolandjosh'
[2025-12-12 04:37:44] findByUsername returned: FOUND
[2025-12-12 04:37:44] Stored password appears plain; performing direct compare (legacy)
[2025-12-12 04:37:44] Plaintext compare succeeded
[2025-12-12 04:37:44] Login successful for smiran.rolandjosh; usertype=EMPLOYEE
[2025-12-12 05:45:39] Entered login() method. METHOD=POST POST=["txtUsername","txtPassword","btnLogin"]
[2025-12-12 05:45:39] Attempt login for username='smiran.rolandjosh'
[2025-12-12 05:45:39] findByUsername returned: FOUND
[2025-12-12 05:45:39] Stored password appears plain; performing direct compare (legacy)
[2025-12-12 05:45:39] Plaintext compare succeeded
[2025-12-12 05:45:39] Login successful for smiran.rolandjosh; usertype=EMPLOYEE
[2025-12-12 05:55:59] Entered login() method. METHOD=POST POST=["txtUsername","txtPassword","btnLogin"]
[2025-12-12 05:55:59] Attempt login for username='smiran.rolandjosh'
[2025-12-12 05:55:59] findByUsername returned: FOUND
[2025-12-12 05:55:59] Stored password appears plain; performing direct compare (legacy)
[2025-12-12 05:55:59] Plaintext compare succeeded
[2025-12-12 05:55:59] Login successful for smiran.rolandjosh; usertype=EMPLOYEE
[2025-12-12 06:06:05] Entered login() method. METHOD=POST POST=["txtUsername","txtPassword","btnLogin"]
[2025-12-12 06:06:05] Attempt login for username='smiran.rolandjosh'
[2025-12-12 06:06:05] findByUsername returned: FOUND
[2025-12-12 06:06:05] Stored password appears plain; performing direct compare (legacy)
[2025-12-12 06:06:05] Plaintext compare succeeded
[2025-12-12 06:06:05] Login successful for smiran.rolandjosh; usertype=EMPLOYEE
[2025-12-12 06:06:14] Entered login() method. METHOD=POST POST=["txtUsername","txtPassword","btnLogin"]
[2025-12-12 06:06:14] Attempt login for username='admin'
[2025-12-12 06:06:14] findByUsername returned: FOUND
[2025-12-12 06:06:14] Stored password appears plain; performing direct compare (legacy)
[2025-12-12 06:06:14] Plaintext compare succeeded
[2025-12-12 06:06:14] Login successful for admin; usertype=ADMIN
[2025-12-12 06:10:01] Entered login() method. METHOD=POST POST=["txtUsername","txtPassword","btnLogin"]
[2025-12-12 06:10:01] Attempt login for username='smiran.rolandjosh'
[2025-12-12 06:10:01] findByUsername returned: FOUND
[2025-12-12 06:10:01] Stored password appears plain; performing direct compare (legacy)
[2025-12-12 06:10:01] Plaintext compare succeeded
[2025-12-12 06:10:01] Login successful for smiran.rolandjosh; usertype=EMPLOYEE
[2025-12-12 06:36:35] Entered login() method. METHOD=POST POST=["txtUsername","txtPassword","btnLogin"]
[2025-12-12 06:36:35] Attempt login for username='admin'
[2025-12-12 06:36:35] findByUsername returned: FOUND
[2025-12-12 06:36:35] Stored password appears plain; performing direct compare (legacy)
[2025-12-12 06:36:35] Plaintext compare succeeded
[2025-12-12 06:36:35] Login successful for admin; usertype=ADMIN
[2025-12-12 06:53:43] Entered login() method. METHOD=POST POST=["txtUsername","txtPassword","btnLogin"]
[2025-12-12 06:53:43] Attempt login for username='smiran.rolandjosh'
[2025-12-12 06:53:43] findByUsername returned: FOUND
[2025-12-12 06:53:43] Stored password appears plain; performing direct compare (legacy)
[2025-12-12 06:53:43] Plaintext compare succeeded
[2025-12-12 06:53:43] Login successful for smiran.rolandjosh; usertype=EMPLOYEE
[2025-12-12 08:18:53] Entered login() method. METHOD=POST POST=["txtUsername","txtPassword","btnLogin"]
[2025-12-12 08:18:53] Attempt login for username='admin'
[2025-12-12 08:18:53] findByUsername returned: FOUND
[2025-12-12 08:18:53] Stored password appears plain; performing direct compare (legacy)
[2025-12-12 08:18:53] Plaintext compare succeeded
[2025-12-12 08:18:53] Login successful for admin; usertype=ADMIN
[2025-12-12 08:19:32] Entered login() method. METHOD=POST POST=["txtUsername","txtPassword","btnLogin"]
[2025-12-12 08:19:32] Attempt login for username='smiran.kenneth'
[2025-12-12 08:19:32] findByUsername returned: FOUND
[2025-12-12 08:19:32] Stored password appears plain; performing direct compare (legacy)
[2025-12-12 08:19:32] Plaintext compare succeeded
[2025-12-12 08:19:32] Login successful for smiran.kenneth; usertype=IT
[2025-12-16 21:58:22] Entered login() method. METHOD=POST POST=["txtUsername","txtPassword","btnLogin"]
[2025-12-16 21:58:22] Attempt login for username='smiran.kenneth'
[2025-12-16 21:58:22] findByUsername returned: FOUND
[2025-12-16 21:58:22] Stored password appears plain; performing direct compare (legacy)
[2025-12-16 21:58:22] Plaintext compare failed
[2025-12-16 21:58:22] Login failed for smiran.kenneth — redirecting back to /login
[2025-12-16 21:58:29] Entered login() method. METHOD=POST POST=["txtUsername","txtPassword","btnLogin"]
[2025-12-16 21:58:29] Attempt login for username='smiran.kenneth'
[2025-12-16 21:58:29] findByUsername returned: FOUND
[2025-12-16 21:58:29] Stored password appears plain; performing direct compare (legacy)
[2025-12-16 21:58:29] Plaintext compare failed
[2025-12-16 21:58:29] Login failed for smiran.kenneth — redirecting back to /login
[2025-12-16 21:58:36] Entered login() method. METHOD=POST POST=["txtUsername","txtPassword","btnLogin"]
[2025-12-16 21:58:36] Attempt login for username='smiran.kenneth'
[2025-12-16 21:58:36] findByUsername returned: FOUND
[2025-12-16 21:58:36] Stored password appears plain; performing direct compare (legacy)
[2025-12-16 21:58:36] Plaintext compare succeeded
[2025-12-16 21:58:36] Login successful for smiran.kenneth; usertype=IT
[2025-12-16 21:58:49] Entered login() method. METHOD=POST POST=["txtUsername","txtPassword","btnLogin"]
[2025-12-16 21:58:49] Attempt login for username='smiran.rolandjosh'
[2025-12-16 21:58:49] findByUsername returned: FOUND
[2025-12-16 21:58:49] Stored password appears plain; performing direct compare (legacy)
[2025-12-16 21:58:49] Plaintext compare succeeded
[2025-12-16 21:58:49] Login successful for smiran.rolandjosh; usertype=EMPLOYEE
[2025-12-16 22:10:24] Entered login() method. METHOD=POST POST=["txtUsername","txtPassword","btnLogin"]
[2025-12-16 22:10:24] Attempt login for username='smiran.kenneth'
[2025-12-16 22:10:24] findByUsername returned: FOUND
[2025-12-16 22:10:24] Stored password appears plain; performing direct compare (legacy)
[2025-12-16 22:10:24] Plaintext compare failed
[2025-12-16 22:10:24] Login failed for smiran.kenneth — redirecting back to /login
[2025-12-16 22:10:30] Entered login() method. METHOD=POST POST=["txtUsername","txtPassword","btnLogin"]
[2025-12-16 22:10:30] Attempt login for username='smiran.kenneth'
[2025-12-16 22:10:30] findByUsername returned: FOUND
[2025-12-16 22:10:30] Stored password appears plain; performing direct compare (legacy)
[2025-12-16 22:10:30] Plaintext compare succeeded
[2025-12-16 22:10:30] Login successful for smiran.kenneth; usertype=IT
[2025-12-16 22:17:12] Entered login() method. METHOD=POST POST=["txtUsername","txtPassword","btnLogin"]
[2025-12-16 22:17:12] Attempt login for username='smiran.kenneth'
[2025-12-16 22:17:12] findByUsername returned: FOUND
[2025-12-16 22:17:12] Stored password appears plain; performing direct compare (legacy)
[2025-12-16 22:17:12] Plaintext compare succeeded
[2025-12-16 22:17:12] Login successful for smiran.kenneth; usertype=IT
[2025-12-16 22:34:02] Entered login() method. METHOD=POST POST=["txtUsername","txtPassword","btnLogin"]
[2025-12-16 22:34:02] Attempt login for username='smiran.kenneth'
[2025-12-16 22:34:02] findByUsername returned: FOUND
[2025-12-16 22:34:02] Stored password appears plain; performing direct compare (legacy)
[2025-12-16 22:34:02] Plaintext compare succeeded
[2025-12-16 22:34:02] Login successful for smiran.kenneth; usertype=IT
[2025-12-16 23:10:18] Entered login() method. METHOD=POST POST=["txtUsername","txtPassword","btnLogin"]
[2025-12-16 23:10:18] Attempt login for username='admin'
[2025-12-16 23:10:18] findByUsername returned: FOUND
[2025-12-16 23:10:18] Stored password appears plain; performing direct compare (legacy)
[2025-12-16 23:10:18] Plaintext compare succeeded
[2025-12-16 23:10:18] Login successful for admin; usertype=ADMIN
[2025-12-16 23:11:54] Entered login() method. METHOD=POST POST=["txtUsername","txtPassword","btnLogin"]
[2025-12-16 23:11:54] Attempt login for username='smiran.kenneth'
[2025-12-16 23:11:54] findByUsername returned: FOUND
[2025-12-16 23:11:54] Stored password appears plain; performing direct compare (legacy)
[2025-12-16 23:11:54] Plaintext compare succeeded
[2025-12-16 23:11:54] Login successful for smiran.kenneth; usertype=IT
[2025-12-16 23:42:39] Entered login() method. METHOD=POST POST=["txtUsername","txtPassword","btnLogin"]
[2025-12-16 23:42:39] Attempt login for username='smiran.rolandjosh'
[2025-12-16 23:42:39] findByUsername returned: FOUND
[2025-12-16 23:42:39] Stored password appears plain; performing direct compare (legacy)
[2025-12-16 23:42:39] Plaintext compare succeeded
[2025-12-16 23:42:39] Login successful for smiran.rolandjosh; usertype=EMPLOYEE
[2025-12-16 23:46:29] Entered login() method. METHOD=POST POST=["txtUsername","txtPassword","btnLogin"]
[2025-12-16 23:46:29] Attempt login for username='smiran.rolandjosh'
[2025-12-16 23:46:29] findByUsername returned: FOUND
[2025-12-16 23:46:29] Stored password appears plain; performing direct compare (legacy)
[2025-12-16 23:46:29] Plaintext compare succeeded
[2025-12-16 23:46:29] Login successful for smiran.rolandjosh; usertype=EMPLOYEE
[2025-12-16 23:46:53] Entered login() method. METHOD=POST POST=["txtUsername","txtPassword","btnLogin"]
[2025-12-16 23:46:53] Attempt login for username='admin'
[2025-12-16 23:46:53] findByUsername returned: FOUND
[2025-12-16 23:46:53] Stored password appears plain; performing direct compare (legacy)
[2025-12-16 23:46:53] Plaintext compare succeeded
[2025-12-16 23:46:53] Login successful for admin; usertype=ADMIN
[2025-12-16 23:47:18] Entered login() method. METHOD=POST POST=["txtUsername","txtPassword","btnLogin"]
[2025-12-16 23:47:18] Attempt login for username='smiran.kenneth'
[2025-12-16 23:47:18] findByUsername returned: FOUND
[2025-12-16 23:47:18] Stored password appears plain; performing direct compare (legacy)
[2025-12-16 23:47:18] Plaintext compare succeeded
[2025-12-16 23:47:18] Login successful for smiran.kenneth; usertype=IT
[2025-12-17 01:17:06] Entered login() method. METHOD=POST POST=["txtUsername","txtPassword","btnLogin"]
[2025-12-17 01:17:06] Attempt login for username='smiran.rolandjosh'
[2025-12-17 01:17:06] findByUsername returned: FOUND
[2025-12-17 01:17:06] Stored password appears plain; performing direct compare (legacy)
[2025-12-17 01:17:06] Plaintext compare succeeded
[2025-12-17 01:17:06] Login successful for smiran.rolandjosh; usertype=EMPLOYEE
[2025-12-17 01:17:27] Entered login() method. METHOD=POST POST=["txtUsername","txtPassword","btnLogin"]
[2025-12-17 01:17:27] Attempt login for username='admin'
[2025-12-17 01:17:27] findByUsername returned: FOUND
[2025-12-17 01:17:27] Stored password appears plain; performing direct compare (legacy)
[2025-12-17 01:17:27] Plaintext compare succeeded
[2025-12-17 01:17:27] Login successful for admin; usertype=ADMIN
[2025-12-17 01:20:10] Entered login() method. METHOD=POST POST=["txtUsername","txtPassword","btnLogin"]
[2025-12-17 01:20:10] Attempt login for username='smiran.rolandjosh'
[2025-12-17 01:20:10] findByUsername returned: FOUND
[2025-12-17 01:20:10] Stored password appears plain; performing direct compare (legacy)
[2025-12-17 01:20:10] Plaintext compare succeeded
[2025-12-17 01:20:10] Login successful for smiran.rolandjosh; usertype=EMPLOYEE
[2025-12-17 01:31:22] Entered login() method. METHOD=POST POST=["txtUsername","txtPassword","btnLogin"]
[2025-12-17 01:31:22] Attempt login for username='smiran.kenneth'
[2025-12-17 01:31:22] findByUsername returned: FOUND
[2025-12-17 01:31:22] Stored password appears plain; performing direct compare (legacy)
[2025-12-17 01:31:22] Plaintext compare succeeded
[2025-12-17 01:31:22] Login successful for smiran.kenneth; usertype=IT
[2025-12-17 02:16:13] Entered login() method. METHOD=POST POST=["txtUsername","txtPassword","btnLogin"]
[2025-12-17 02:16:13] Attempt login for username='smiran.rolandjosh'
[2025-12-17 02:16:13] findByUsername returned: FOUND
[2025-12-17 02:16:13] Stored password appears plain; performing direct compare (legacy)
[2025-12-17 02:16:13] Plaintext compare succeeded
[2025-12-17 02:16:13] Login successful for smiran.rolandjosh; usertype=EMPLOYEE
[2025-12-17 03:08:28] Entered login() method. METHOD=POST POST=["txtUsername","txtPassword","btnLogin"]
[2025-12-17 03:08:28] Attempt login for username='smiran.rolandjosh'
[2025-12-17 03:08:28] findByUsername returned: FOUND
[2025-12-17 03:08:28] Stored password appears plain; performing direct compare (legacy)
[2025-12-17 03:08:28] Plaintext compare succeeded
[2025-12-17 03:08:28] Login successful for smiran.rolandjosh; usertype=EMPLOYEE
[2025-12-17 03:10:39] Entered login() method. METHOD=POST POST=["txtUsername","txtPassword","btnLogin"]
[2025-12-17 03:10:39] Attempt login for username='smiran.rolandjosh'
[2025-12-17 03:10:39] findByUsername returned: FOUND
[2025-12-17 03:10:39] Stored password appears plain; performing direct compare (legacy)
[2025-12-17 03:10:39] Plaintext compare succeeded
[2025-12-17 03:10:39] Login successful for smiran.rolandjosh; usertype=EMPLOYEE
[2025-12-17 03:11:52] Entered login() method. METHOD=POST POST=["txtUsername","txtPassword","btnLogin"]
[2025-12-17 03:11:52] Attempt login for username='admin'
[2025-12-17 03:11:52] findByUsername returned: FOUND
[2025-12-17 03:11:52] Stored password appears plain; performing direct compare (legacy)
[2025-12-17 03:11:52] Plaintext compare succeeded
[2025-12-17 03:11:52] Login successful for admin; usertype=ADMIN
[2025-12-17 03:13:56] Entered login() method. METHOD=POST POST=["txtUsername","txtPassword","btnLogin"]
[2025-12-17 03:13:56] Attempt login for username='smiran.kenneth'
[2025-12-17 03:13:56] findByUsername returned: FOUND
[2025-12-17 03:13:56] Stored password appears plain; performing direct compare (legacy)
[2025-12-17 03:13:56] Plaintext compare succeeded
[2025-12-17 03:13:56] Login successful for smiran.kenneth; usertype=IT
[2025-12-17 03:15:54] Entered login() method. METHOD=POST POST=["txtUsername","txtPassword","btnLogin"]
[2025-12-17 03:15:54] Attempt login for username='smiran.rolandjosh'
[2025-12-17 03:15:54] findByUsername returned: FOUND
[2025-12-17 03:15:54] Stored password appears plain; performing direct compare (legacy)
[2025-12-17 03:15:54] Plaintext compare succeeded
[2025-12-17 03:15:54] Login successful for smiran.rolandjosh; usertype=EMPLOYEE
[2025-12-17 03:27:31] Entered login() method. METHOD=POST POST=["txtUsername","txtPassword","btnLogin"]
[2025-12-17 03:27:31] Attempt login for username='smiran.kenneth'
[2025-12-17 03:27:31] findByUsername returned: FOUND
[2025-12-17 03:27:31] Stored password appears plain; performing direct compare (legacy)
[2025-12-17 03:27:31] Plaintext compare succeeded
[2025-12-17 03:27:31] Login successful for smiran.kenneth; usertype=IT
[2025-12-17 03:43:54] Entered login() method. METHOD=POST POST=["txtUsername","txtPassword","btnLogin"]
[2025-12-17 03:43:54] Attempt login for username='admin'
[2025-12-17 03:43:54] findByUsername returned: FOUND
[2025-12-17 03:43:54] Stored password appears plain; performing direct compare (legacy)
[2025-12-17 03:43:54] Plaintext compare succeeded
[2025-12-17 03:43:54] Login successful for admin; usertype=ADMIN
[2025-12-17 03:44:11] Entered login() method. METHOD=POST POST=["txtUsername","txtPassword","btnLogin"]
[2025-12-17 03:44:11] Attempt login for username='smiran.kenneth'
[2025-12-17 03:44:11] findByUsername returned: FOUND
[2025-12-17 03:44:11] Stored password appears plain; performing direct compare (legacy)
[2025-12-17 03:44:11] Plaintext compare succeeded
[2025-12-17 03:44:11] Login successful for smiran.kenneth; usertype=IT
[2025-12-17 03:44:29] Entered login() method. METHOD=POST POST=["txtUsername","txtPassword","btnLogin"]
[2025-12-17 03:44:29] Attempt login for username='smiran.rolandjosh'
[2025-12-17 03:44:29] findByUsername returned: FOUND
[2025-12-17 03:44:29] Stored password appears plain; performing direct compare (legacy)
[2025-12-17 03:44:29] Plaintext compare succeeded
[2025-12-17 03:44:29] Login successful for smiran.rolandjosh; usertype=EMPLOYEE
[2025-12-17 03:45:34] Entered login() method. METHOD=POST POST=["txtUsername","txtPassword","btnLogin"]
[2025-12-17 03:45:34] Attempt login for username='admin'
[2025-12-17 03:45:34] findByUsername returned: FOUND
[2025-12-17 03:45:34] Stored password appears plain; performing direct compare (legacy)
[2025-12-17 03:45:34] Plaintext compare succeeded
[2025-12-17 03:45:34] Login successful for admin; usertype=ADMIN
[2025-12-17 03:46:06] Entered login() method. METHOD=POST POST=["txtUsername","txtPassword","btnLogin"]
[2025-12-17 03:46:06] Attempt login for username='smiran.kenneth'
[2025-12-17 03:46:06] findByUsername returned: FOUND
[2025-12-17 03:46:06] Stored password appears plain; performing direct compare (legacy)
[2025-12-17 03:46:06] Plaintext compare succeeded
[2025-12-17 03:46:06] Login successful for smiran.kenneth; usertype=IT
[2025-12-17 03:46:28] Entered login() method. METHOD=POST POST=["txtUsername","txtPassword","btnLogin"]
[2025-12-17 03:46:28] Attempt login for username='smiran.rolandjosh'
[2025-12-17 03:46:28] findByUsername returned: FOUND
[2025-12-17 03:46:28] Stored password appears plain; performing direct compare (legacy)
[2025-12-17 03:46:28] Plaintext compare succeeded
[2025-12-17 03:46:28] Login successful for smiran.rolandjosh; usertype=EMPLOYEE
[2025-12-17 03:54:53] Entered login() method. METHOD=POST POST=["txtUsername","txtPassword","btnLogin"]
[2025-12-17 03:54:53] Attempt login for username='admin'
[2025-12-17 03:54:53] findByUsername returned: FOUND
[2025-12-17 03:54:53] Stored password appears plain; performing direct compare (legacy)
[2025-12-17 03:54:53] Plaintext compare succeeded
[2025-12-17 03:54:53] Login successful for admin; usertype=ADMIN
[2025-12-17 03:58:15] Entered login() method. METHOD=POST POST=["txtUsername","txtPassword","btnLogin"]
[2025-12-17 03:58:15] Attempt login for username='smiran.rolandjosh'
[2025-12-17 03:58:15] findByUsername returned: FOUND
[2025-12-17 03:58:15] Stored password appears plain; performing direct compare (legacy)
[2025-12-17 03:58:15] Plaintext compare succeeded
[2025-12-17 03:58:15] Login successful for smiran.rolandjosh; usertype=EMPLOYEE
[2025-12-17 04:00:02] Entered login() method. METHOD=POST POST=["txtUsername","txtPassword","btnLogin"]
[2025-12-17 04:00:02] Attempt login for username='smiran.rolandjosh'
[2025-12-17 04:00:02] findByUsername returned: FOUND
[2025-12-17 04:00:02] Stored password appears plain; performing direct compare (legacy)
[2025-12-17 04:00:02] Plaintext compare succeeded
[2025-12-17 04:00:02] Login successful for smiran.rolandjosh; usertype=EMPLOYEE
[2025-12-17 04:00:17] Entered login() method. METHOD=POST POST=["txtUsername","txtPassword","btnLogin"]
[2025-12-17 04:00:17] Attempt login for username='admin'
[2025-12-17 04:00:17] findByUsername returned: FOUND
[2025-12-17 04:00:17] Stored password appears plain; performing direct compare (legacy)
[2025-12-17 04:00:17] Plaintext compare succeeded
[2025-12-17 04:00:17] Login successful for admin; usertype=ADMIN
[2025-12-17 04:00:42] Entered login() method. METHOD=POST POST=["txtUsername","txtPassword","btnLogin"]
[2025-12-17 04:00:42] Attempt login for username='smiran.rolandjosh'
[2025-12-17 04:00:42] findByUsername returned: FOUND
[2025-12-17 04:00:42] Stored password appears plain; performing direct compare (legacy)
[2025-12-17 04:00:42] Plaintext compare succeeded
[2025-12-17 04:00:42] Login successful for smiran.rolandjosh; usertype=EMPLOYEE
[2025-12-17 04:00:59] Entered login() method. METHOD=POST POST=["txtUsername","txtPassword","btnLogin"]
[2025-12-17 04:00:59] Attempt login for username='smiran.kenneth'
[2025-12-17 04:00:59] findByUsername returned: FOUND
[2025-12-17 04:00:59] Stored password appears plain; performing direct compare (legacy)
[2025-12-17 04:00:59] Plaintext compare succeeded
[2025-12-17 04:00:59] Login successful for smiran.kenneth; usertype=IT
[2025-12-17 04:01:59] Entered login() method. METHOD=POST POST=["txtUsername","txtPassword","btnLogin"]
[2025-12-17 04:01:59] Attempt login for username='smiran.rolandjosh'
[2025-12-17 04:01:59] findByUsername returned: FOUND
[2025-12-17 04:01:59] Stored password appears plain; performing direct compare (legacy)
[2025-12-17 04:01:59] Plaintext compare succeeded
[2025-12-17 04:01:59] Login successful for smiran.rolandjosh; usertype=EMPLOYEE
[2025-12-17 04:45:11] Entered login() method. METHOD=POST POST=["txtUsername","txtPassword","btnLogin"]
[2025-12-17 04:45:11] Attempt login for username='smiran.rolandjosh'
[2025-12-17 04:45:11] findByUsername returned: FOUND
[2025-12-17 04:45:11] Stored password appears plain; performing direct compare (legacy)
[2025-12-17 04:45:11] Plaintext compare succeeded
[2025-12-17 04:45:11] Login successful for smiran.rolandjosh; usertype=EMPLOYEE
[2025-12-17 04:46:30] Entered login() method. METHOD=POST POST=["txtUsername","txtPassword","btnLogin"]
[2025-12-17 04:46:30] Attempt login for username='admin'
[2025-12-17 04:46:30] findByUsername returned: FOUND
[2025-12-17 04:46:30] Stored password appears plain; performing direct compare (legacy)
[2025-12-17 04:46:30] Plaintext compare succeeded
[2025-12-17 04:46:30] Login successful for admin; usertype=ADMIN
[2025-12-17 04:47:24] Entered login() method. METHOD=POST POST=["txtUsername","txtPassword","btnLogin"]
[2025-12-17 04:47:24] Attempt login for username='smiran.rolandjosh'
[2025-12-17 04:47:24] findByUsername returned: FOUND
[2025-12-17 04:47:24] Stored password appears plain; performing direct compare (legacy)
[2025-12-17 04:47:24] Plaintext compare succeeded
[2025-12-17 04:47:24] Login successful for smiran.rolandjosh; usertype=EMPLOYEE
[2025-12-17 05:24:34] Entered login() method. METHOD=POST POST=["txtUsername","txtPassword","btnLogin"]
[2025-12-17 05:24:34] Attempt login for username='admin'
[2025-12-17 05:24:34] findByUsername returned: FOUND
[2025-12-17 05:24:34] Stored password appears plain; performing direct compare (legacy)
[2025-12-17 05:24:34] Plaintext compare succeeded
[2025-12-17 05:24:34] Login successful for admin; usertype=ADMIN
[2025-12-17 05:25:04] Entered login() method. METHOD=POST POST=["txtUsername","txtPassword","btnLogin"]
[2025-12-17 05:25:04] Attempt login for username='admin'
[2025-12-17 05:25:04] findByUsername returned: FOUND
[2025-12-17 05:25:04] Stored password appears plain; performing direct compare (legacy)
[2025-12-17 05:25:04] Plaintext compare succeeded
[2025-12-17 05:25:04] Login successful for admin; usertype=ADMIN
[2025-12-17 05:25:12] Entered login() method. METHOD=POST POST=["txtUsername","txtPassword","btnLogin"]
[2025-12-17 05:25:12] Attempt login for username='smiran.rolandjosh'
[2025-12-17 05:25:12] findByUsername returned: FOUND
[2025-12-17 05:25:12] Stored password appears plain; performing direct compare (legacy)
[2025-12-17 05:25:12] Plaintext compare succeeded
[2025-12-17 05:25:12] Login successful for smiran.rolandjosh; usertype=EMPLOYEE
[2025-12-17 05:54:05] Entered login() method. METHOD=POST POST=["txtUsername","txtPassword","btnLogin"]
[2025-12-17 05:54:05] Attempt login for username='smiran.rolandjosh'
[2025-12-17 05:54:05] findByUsername returned: FOUND
[2025-12-17 05:54:05] Stored password appears plain; performing direct compare (legacy)
[2025-12-17 05:54:05] Plaintext compare succeeded
[2025-12-17 05:54:05] Login successful for smiran.rolandjosh; usertype=EMPLOYEE
[2025-12-17 05:54:10] Entered login() method. METHOD=POST POST=["txtUsername","txtPassword","btnLogin"]
[2025-12-17 05:54:10] Attempt login for username='admin'
[2025-12-17 05:54:10] findByUsername returned: FOUND
[2025-12-17 05:54:10] Stored password appears plain; performing direct compare (legacy)
[2025-12-17 05:54:10] Plaintext compare succeeded
[2025-12-17 05:54:10] Login successful for admin; usertype=ADMIN
[2025-12-17 05:54:27] Entered login() method. METHOD=POST POST=["txtUsername","txtPassword","btnLogin"]
[2025-12-17 05:54:27] Attempt login for username='smiran.rolandjosh'
[2025-12-17 05:54:27] findByUsername returned: FOUND
[2025-12-17 05:54:27] Stored password appears plain; performing direct compare (legacy)
[2025-12-17 05:54:27] Plaintext compare succeeded
[2025-12-17 05:54:27] Login successful for smiran.rolandjosh; usertype=EMPLOYEE
[2025-12-17 06:09:04] Entered login() method. METHOD=POST POST=["txtUsername","txtPassword","btnLogin"]
[2025-12-17 06:09:04] Attempt login for username='admin'
[2025-12-17 06:09:04] findByUsername returned: FOUND
[2025-12-17 06:09:04] Stored password appears plain; performing direct compare (legacy)
[2025-12-17 06:09:04] Plaintext compare succeeded
[2025-12-17 06:09:04] Login successful for admin; usertype=ADMIN
[2025-12-17 06:09:20] Entered login() method. METHOD=POST POST=["txtUsername","txtPassword","btnLogin"]
[2025-12-17 06:09:20] Attempt login for username='smiran.kenneth'
[2025-12-17 06:09:20] findByUsername returned: FOUND
[2025-12-17 06:09:20] Stored password appears plain; performing direct compare (legacy)
[2025-12-17 06:09:20] Plaintext compare succeeded
[2025-12-17 06:09:20] Login successful for smiran.kenneth; usertype=IT
[2025-12-17 06:15:18] Entered login() method. METHOD=POST POST=["txtUsername","txtPassword","btnLogin"]
[2025-12-17 06:15:18] Attempt login for username='admin'
[2025-12-17 06:15:18] findByUsername returned: FOUND
[2025-12-17 06:15:18] Stored password appears plain; performing direct compare (legacy)
[2025-12-17 06:15:18] Plaintext compare succeeded
[2025-12-17 06:15:18] Login successful for admin; usertype=ADMIN
[2025-12-17 06:15:50] Entered login() method. METHOD=POST POST=["txtUsername","txtPassword","btnLogin"]
[2025-12-17 06:15:50] Attempt login for username='smiran.kenneth'
[2025-12-17 06:15:50] findByUsername returned: FOUND
[2025-12-17 06:15:50] Stored password appears plain; performing direct compare (legacy)
[2025-12-17 06:15:50] Plaintext compare succeeded
[2025-12-17 06:15:50] Login successful for smiran.kenneth; usertype=IT
[2025-12-17 06:16:52] Entered login() method. METHOD=POST POST=["txtUsername","txtPassword","btnLogin"]
[2025-12-17 06:16:52] Attempt login for username='admin'
[2025-12-17 06:16:52] findByUsername returned: FOUND
[2025-12-17 06:16:52] Stored password appears plain; performing direct compare (legacy)
[2025-12-17 06:16:52] Plaintext compare succeeded
[2025-12-17 06:16:52] Login successful for admin; usertype=ADMIN
[2025-12-17 06:17:10] Entered login() method. METHOD=POST POST=["txtUsername","txtPassword","btnLogin"]
[2025-12-17 06:17:10] Attempt login for username='smiran.kenneth'
[2025-12-17 06:17:10] findByUsername returned: FOUND
[2025-12-17 06:17:10] Stored password appears plain; performing direct compare (legacy)
[2025-12-17 06:17:10] Plaintext compare succeeded
[2025-12-17 06:17:10] Login successful for smiran.kenneth; usertype=IT
[2025-12-17 07:12:37] Entered login() method. METHOD=POST POST=["txtUsername","txtPassword","btnLogin"]
[2025-12-17 07:12:37] Attempt login for username='smiran.kenneth'
[2025-12-17 07:12:37] findByUsername returned: FOUND
[2025-12-17 07:12:37] Stored password appears plain; performing direct compare (legacy)
[2025-12-17 07:12:37] Plaintext compare succeeded
[2025-12-17 07:12:37] Login successful for smiran.kenneth; usertype=IT
[2025-12-17 07:15:23] Entered login() method. METHOD=POST POST=["txtUsername","txtPassword","btnLogin"]
[2025-12-17 07:15:23] Attempt login for username='smiran.rolandjosh'
[2025-12-17 07:15:23] findByUsername returned: FOUND
[2025-12-17 07:15:23] Stored password appears plain; performing direct compare (legacy)
[2025-12-17 07:15:23] Plaintext compare succeeded
[2025-12-17 07:15:23] Login successful for smiran.rolandjosh; usertype=EMPLOYEE
[2025-12-17 08:15:53] Entered login() method. METHOD=POST POST=["txtUsername","txtPassword","btnLogin"]
[2025-12-17 08:15:53] Attempt login for username='admin'
[2025-12-17 08:15:53] findByUsername returned: FOUND
[2025-12-17 08:15:53] Stored password appears plain; performing direct compare (legacy)
[2025-12-17 08:15:53] Plaintext compare succeeded
[2025-12-17 08:15:53] Login successful for admin; usertype=ADMIN
[2025-12-17 08:16:56] Entered login() method. METHOD=POST POST=["txtUsername","txtPassword","btnLogin"]
[2025-12-17 08:16:56] Attempt login for username='smiran.kenneth'
[2025-12-17 08:16:56] findByUsername returned: FOUND
[2025-12-17 08:16:56] Stored password appears plain; performing direct compare (legacy)
[2025-12-17 08:16:56] Plaintext compare succeeded
[2025-12-17 08:16:56] Login successful for smiran.kenneth; usertype=IT
[2025-12-17 08:20:59] Entered login() method. METHOD=POST POST=["txtUsername","txtPassword","btnLogin"]
[2025-12-17 08:20:59] Attempt login for username='smiran.rolandjosh'
[2025-12-17 08:20:59] findByUsername returned: FOUND
[2025-12-17 08:20:59] Stored password appears plain; performing direct compare (legacy)
[2025-12-17 08:20:59] Plaintext compare succeeded
[2025-12-17 08:20:59] Login successful for smiran.rolandjosh; usertype=EMPLOYEE
[2025-12-17 08:21:18] Entered login() method. METHOD=POST POST=["txtUsername","txtPassword","btnLogin"]
[2025-12-17 08:21:18] Attempt login for username='smiran.kenneth'
[2025-12-17 08:21:18] findByUsername returned: FOUND
[2025-12-17 08:21:18] Stored password appears plain; performing direct compare (legacy)
[2025-12-17 08:21:18] Plaintext compare succeeded
[2025-12-17 08:21:18] Login successful for smiran.kenneth; usertype=IT
[2025-12-17 08:26:32] Entered login() method. METHOD=POST POST=["txtUsername","txtPassword","btnLogin"]
[2025-12-17 08:26:32] Attempt login for username='admin'
[2025-12-17 08:26:32] findByUsername returned: FOUND
[2025-12-17 08:26:32] Stored password appears plain; performing direct compare (legacy)
[2025-12-17 08:26:32] Plaintext compare failed
[2025-12-17 08:26:32] Login failed for admin — redirecting back to /login
[2025-12-17 08:26:36] Entered login() method. METHOD=POST POST=["txtUsername","txtPassword","btnLogin"]
[2025-12-17 08:26:36] Attempt login for username='admin'
[2025-12-17 08:26:36] findByUsername returned: FOUND
[2025-12-17 08:26:36] Stored password appears plain; performing direct compare (legacy)
[2025-12-17 08:26:36] Plaintext compare succeeded
[2025-12-17 08:26:36] Login successful for admin; usertype=ADMIN
[2025-12-17 08:52:36] Entered login() method. METHOD=POST POST=["txtUsername","txtPassword","btnLogin"]
[2025-12-17 08:52:36] Attempt login for username='admin'
[2025-12-17 08:52:36] findByUsername returned: FOUND
[2025-12-17 08:52:36] Stored password appears plain; performing direct compare (legacy)
[2025-12-17 08:52:36] Plaintext compare succeeded
[2025-12-17 08:52:36] Login successful for admin; usertype=ADMIN
[2025-12-17 22:13:28] Entered login() method. METHOD=POST POST=["txtUsername","txtPassword","btnLogin"]
[2025-12-17 22:13:28] Attempt login for username='smiran.rolandjosh'
[2025-12-17 22:13:28] findByUsername returned: FOUND
[2025-12-17 22:13:28] Stored password appears plain; performing direct compare (legacy)
[2025-12-17 22:13:28] Plaintext compare succeeded
[2025-12-17 22:13:28] Login successful for smiran.rolandjosh; usertype=EMPLOYEE
[2025-12-17 22:14:06] Entered login() method. METHOD=POST POST=["txtUsername","txtPassword","btnLogin"]
[2025-12-17 22:14:06] Attempt login for username='smiran.kenneth'
[2025-12-17 22:14:06] findByUsername returned: FOUND
[2025-12-17 22:14:06] Stored password appears plain; performing direct compare (legacy)
[2025-12-17 22:14:06] Plaintext compare succeeded
[2025-12-17 22:14:06] Login successful for smiran.kenneth; usertype=IT
[2025-12-17 22:15:33] Entered login() method. METHOD=POST POST=["txtUsername","txtPassword","btnLogin"]
[2025-12-17 22:15:33] Attempt login for username='admin'
[2025-12-17 22:15:33] findByUsername returned: FOUND
[2025-12-17 22:15:33] Stored password appears plain; performing direct compare (legacy)
[2025-12-17 22:15:33] Plaintext compare succeeded
[2025-12-17 22:15:33] Login successful for admin; usertype=ADMIN
[2025-12-17 22:21:36] Entered login() method. METHOD=POST POST=["txtUsername","txtPassword","btnLogin"]
[2025-12-17 22:21:36] Attempt login for username='admin'
[2025-12-17 22:21:36] findByUsername returned: FOUND
[2025-12-17 22:21:36] Stored password appears plain; performing direct compare (legacy)
[2025-12-17 22:21:36] Plaintext compare succeeded
[2025-12-17 22:21:36] Login successful for admin; usertype=ADMIN
[2025-12-17 22:36:54] Entered login() method. METHOD=POST POST=["txtUsername","txtPassword","btnLogin"]
[2025-12-17 22:36:54] Attempt login for username='admin'
[2025-12-17 22:36:54] findByUsername returned: FOUND
[2025-12-17 22:36:54] Stored password appears plain; performing direct compare (legacy)
[2025-12-17 22:36:54] Plaintext compare succeeded
[2025-12-17 22:36:54] Login successful for admin; usertype=ADMIN
[2025-12-17 23:18:17] Entered login() method. METHOD=POST POST=["txtUsername","txtPassword","btnLogin"]
[2025-12-17 23:18:17] Attempt login for username='head'
[2025-12-17 23:18:17] findByUsername returned: FOUND
[2025-12-17 23:18:17] Stored password appears hashed; using password_verify
[2025-12-17 23:18:17] password_verify succeeded
[2025-12-17 23:18:17] Login successful for head; usertype=HEAD
[2025-12-17 23:27:49] Entered login() method. METHOD=POST POST=["txtUsername","txtPassword","btnLogin"]
[2025-12-17 23:27:49] Attempt login for username='head'
[2025-12-17 23:27:49] findByUsername returned: FOUND
[2025-12-17 23:27:49] Stored password appears hashed; using password_verify
[2025-12-17 23:27:49] password_verify succeeded
[2025-12-17 23:27:49] Login successful for head; usertype=HEAD
[2025-12-18 00:42:50] Entered login() method. METHOD=POST POST=["txtUsername","txtPassword","btnLogin"]
[2025-12-18 00:42:50] Attempt login for username='admin'
[2025-12-18 00:42:50] findByUsername returned: FOUND
[2025-12-18 00:42:50] Stored password appears plain; performing direct compare (legacy)
[2025-12-18 00:42:50] Plaintext compare succeeded
[2025-12-18 00:42:50] Login successful for admin; usertype=ADMIN
[2025-12-18 00:43:16] Entered login() method. METHOD=POST POST=["txtUsername","txtPassword","btnLogin"]
[2025-12-18 00:43:16] Attempt login for username='head'
[2025-12-18 00:43:16] findByUsername returned: FOUND
[2025-12-18 00:43:16] Stored password appears hashed; using password_verify
[2025-12-18 00:43:17] password_verify succeeded
[2025-12-18 00:43:17] Login successful for head; usertype=HEAD
[2025-12-18 00:57:58] Entered login() method. METHOD=POST POST=["txtUsername","txtPassword","btnLogin"]
[2025-12-18 00:57:58] Attempt login for username='smiran.kenneth'
[2025-12-18 00:57:58] findByUsername returned: FOUND
[2025-12-18 00:57:58] Stored password appears hashed; using password_verify
[2025-12-18 00:57:58] password_verify succeeded
[2025-12-18 00:57:58] Login successful for smiran.kenneth; usertype=IT
[2025-12-18 01:09:49] Entered login() method. METHOD=POST POST=["txtUsername","txtPassword","btnLogin"]
[2025-12-18 01:09:49] Attempt login for username='admin'
[2025-12-18 01:09:49] findByUsername returned: FOUND
[2025-12-18 01:09:49] Stored password appears plain; performing direct compare (legacy)
[2025-12-18 01:09:49] Plaintext compare succeeded
[2025-12-18 01:09:49] Login successful for admin; usertype=ADMIN
[2025-12-18 01:26:02] Entered login() method. METHOD=POST POST=["txtUsername","txtPassword","btnLogin"]
[2025-12-18 01:26:02] Attempt login for username='head'
[2025-12-18 01:26:02] findByUsername returned: FOUND
[2025-12-18 01:26:02] Stored password appears hashed; using password_verify
[2025-12-18 01:26:02] password_verify succeeded
[2025-12-18 01:26:02] Login successful for head; usertype=HEAD
[2025-12-18 01:34:09] Entered login() method. METHOD=POST POST=["txtUsername","txtPassword","btnLogin"]
[2025-12-18 01:34:09] Attempt login for username='admin'
[2025-12-18 01:34:09] findByUsername returned: FOUND
[2025-12-18 01:34:09] Stored password appears plain; performing direct compare (legacy)
[2025-12-18 01:34:09] Plaintext compare succeeded
[2025-12-18 01:34:09] Login successful for admin; usertype=ADMIN
[2025-12-18 01:35:25] Entered login() method. METHOD=POST POST=["txtUsername","txtPassword","btnLogin"]
[2025-12-18 01:35:25] Attempt login for username='head'
[2025-12-18 01:35:25] findByUsername returned: FOUND
[2025-12-18 01:35:25] Stored password appears hashed; using password_verify
[2025-12-18 01:35:25] password_verify succeeded
[2025-12-18 01:35:25] Login successful for head; usertype=HEAD
[2025-12-18 01:54:11] Entered login() method. METHOD=POST POST=["txtUsername","txtPassword","btnLogin"]
[2025-12-18 01:54:11] Attempt login for username='employee'
[2025-12-18 01:54:11] findByUsername returned: FOUND
[2025-12-18 01:54:11] Stored password appears hashed; using password_verify
[2025-12-18 01:54:11] password_verify succeeded
[2025-12-18 01:54:11] Login successful for employee; usertype=EMPLOYEE
[2025-12-18 01:54:23] Entered login() method. METHOD=POST POST=["txtUsername","txtPassword","btnLogin"]
[2025-12-18 01:54:23] Attempt login for username='admin'
[2025-12-18 01:54:23] findByUsername returned: FOUND
[2025-12-18 01:54:23] Stored password appears plain; performing direct compare (legacy)
[2025-12-18 01:54:23] Plaintext compare succeeded
[2025-12-18 01:54:23] Login successful for admin; usertype=ADMIN
[2025-12-18 02:08:55] Entered login() method. METHOD=POST POST=["txtUsername","txtPassword","btnLogin"]
[2025-12-18 02:08:55] Attempt login for username='employee'
[2025-12-18 02:08:55] findByUsername returned: FOUND
[2025-12-18 02:08:55] Stored password appears hashed; using password_verify
[2025-12-18 02:08:55] password_verify succeeded
[2025-12-18 02:08:55] Login successful for employee; usertype=EMPLOYEE
[2025-12-18 02:09:41] Entered login() method. METHOD=POST POST=["txtUsername","txtPassword","btnLogin"]
[2025-12-18 02:09:41] Attempt login for username='admin'
[2025-12-18 02:09:41] findByUsername returned: FOUND
[2025-12-18 02:09:41] Stored password appears plain; performing direct compare (legacy)
[2025-12-18 02:09:41] Plaintext compare succeeded
[2025-12-18 02:09:41] Login successful for admin; usertype=ADMIN
[2025-12-18 02:10:04] Entered login() method. METHOD=POST POST=["txtUsername","txtPassword","btnLogin"]
[2025-12-18 02:10:04] Attempt login for username='smiran.kenneth'
[2025-12-18 02:10:04] findByUsername returned: FOUND
[2025-12-18 02:10:04] Stored password appears hashed; using password_verify
[2025-12-18 02:10:04] password_verify succeeded
[2025-12-18 02:10:04] Login successful for smiran.kenneth; usertype=IT
[2025-12-18 02:14:57] Entered login() method. METHOD=POST POST=["txtUsername","txtPassword","btnLogin"]
[2025-12-18 02:14:57] Attempt login for username='employee'
[2025-12-18 02:14:57] findByUsername returned: FOUND
[2025-12-18 02:14:57] Stored password appears hashed; using password_verify
[2025-12-18 02:14:58] password_verify succeeded
[2025-12-18 02:14:58] Login successful for employee; usertype=EMPLOYEE
[2025-12-18 02:16:36] Entered login() method. METHOD=POST POST=["txtUsername","txtPassword","btnLogin"]
[2025-12-18 02:16:36] Attempt login for username='head'
[2025-12-18 02:16:36] findByUsername returned: FOUND
[2025-12-18 02:16:36] Stored password appears hashed; using password_verify
[2025-12-18 02:16:36] password_verify succeeded
[2025-12-18 02:16:36] Login successful for head; usertype=HEAD
[2025-12-18 02:17:10] Entered login() method. METHOD=POST POST=["txtUsername","txtPassword","btnLogin"]
[2025-12-18 02:17:10] Attempt login for username='admin'
[2025-12-18 02:17:10] findByUsername returned: FOUND
[2025-12-18 02:17:10] Stored password appears plain; performing direct compare (legacy)
[2025-12-18 02:17:10] Plaintext compare succeeded
[2025-12-18 02:17:10] Login successful for admin; usertype=ADMIN
[2025-12-18 03:04:46] Entered login() method. METHOD=POST POST=["txtUsername","txtPassword","btnLogin"]
[2025-12-18 03:04:46] Attempt login for username='smiran.kenneth'
[2025-12-18 03:04:46] findByUsername returned: FOUND
[2025-12-18 03:04:46] Stored password appears hashed; using password_verify
[2025-12-18 03:04:46] password_verify succeeded
[2025-12-18 03:04:46] Login successful for smiran.kenneth; usertype=IT
[2025-12-18 03:05:11] Entered login() method. METHOD=POST POST=["txtUsername","txtPassword","btnLogin"]
[2025-12-18 03:05:11] Attempt login for username='smiran.rolandjosh'
[2025-12-18 03:05:11] findByUsername returned: FOUND
[2025-12-18 03:05:11] Stored password appears plain; performing direct compare (legacy)
[2025-12-18 03:05:11] Plaintext compare succeeded
[2025-12-18 03:05:11] Login successful for smiran.rolandjosh; usertype=EMPLOYEE
[2025-12-18 03:05:23] Entered login() method. METHOD=POST POST=["txtUsername","txtPassword","btnLogin"]
[2025-12-18 03:05:23] Attempt login for username='employee'
[2025-12-18 03:05:23] findByUsername returned: FOUND
[2025-12-18 03:05:23] Stored password appears hashed; using password_verify
[2025-12-18 03:05:23] password_verify succeeded
[2025-12-18 03:05:23] Login successful for employee; usertype=EMPLOYEE
[2025-12-18 03:05:31] Entered login() method. METHOD=POST POST=["txtUsername","txtPassword","btnLogin"]
[2025-12-18 03:05:31] Attempt login for username='smiran.kenneth'
[2025-12-18 03:05:31] findByUsername returned: FOUND
[2025-12-18 03:05:31] Stored password appears hashed; using password_verify
[2025-12-18 03:05:32] password_verify succeeded
[2025-12-18 03:05:32] Login successful for smiran.kenneth; usertype=IT
[2025-12-18 03:05:58] Entered login() method. METHOD=POST POST=["txtUsername","txtPassword","btnLogin"]
[2025-12-18 03:05:58] Attempt login for username='smiran.rolandjosh'
[2025-12-18 03:05:58] findByUsername returned: FOUND
[2025-12-18 03:05:58] Stored password appears plain; performing direct compare (legacy)
[2025-12-18 03:05:58] Plaintext compare succeeded
[2025-12-18 03:05:58] Login successful for smiran.rolandjosh; usertype=EMPLOYEE
[2025-12-18 03:16:49] Entered login() method. METHOD=POST POST=["txtUsername","txtPassword","btnLogin"]
[2025-12-18 03:16:49] Attempt login for username='smiran.rolandjosh'
[2025-12-18 03:16:49] findByUsername returned: FOUND
[2025-12-18 03:16:49] Stored password appears plain; performing direct compare (legacy)
[2025-12-18 03:16:49] Plaintext compare succeeded
[2025-12-18 03:16:49] Login successful for smiran.rolandjosh; usertype=EMPLOYEE
[2025-12-18 05:19:50] Entered login() method. METHOD=POST POST=["txtUsername","txtPassword","btnLogin"]
[2025-12-18 05:19:50] Attempt login for username='head'
[2025-12-18 05:19:50] findByUsername returned: FOUND
[2025-12-18 05:19:50] Stored password appears hashed; using password_verify
[2025-12-18 05:19:50] password_verify succeeded
[2025-12-18 05:19:50] Login successful for head; usertype=HEAD
[2025-12-18 05:22:42] Entered login() method. METHOD=POST POST=["txtUsername","txtPassword","btnLogin"]
[2025-12-18 05:22:42] Attempt login for username='smiran.rolandjosh'
[2025-12-18 05:22:42] findByUsername returned: FOUND
[2025-12-18 05:22:42] Stored password appears plain; performing direct compare (legacy)
[2025-12-18 05:22:42] Plaintext compare succeeded
[2025-12-18 05:22:42] Login successful for smiran.rolandjosh; usertype=EMPLOYEE
[2025-12-18 05:28:26] Entered login() method. METHOD=POST POST=["txtUsername","txtPassword","btnLogin"]
[2025-12-18 05:28:26] Attempt login for username='employee'
[2025-12-18 05:28:26] findByUsername returned: FOUND
[2025-12-18 05:28:26] Stored password appears hashed; using password_verify
[2025-12-18 05:28:26] password_verify succeeded
[2025-12-18 05:28:26] Login successful for employee; usertype=EMPLOYEE
[2025-12-18 05:28:42] Entered login() method. METHOD=POST POST=["txtUsername","txtPassword","btnLogin"]
[2025-12-18 05:28:42] Attempt login for username='smiran.rolandjosh'
[2025-12-18 05:28:42] findByUsername returned: FOUND
[2025-12-18 05:28:42] Stored password appears plain; performing direct compare (legacy)
[2025-12-18 05:28:42] Plaintext compare succeeded
[2025-12-18 05:28:42] Login successful for smiran.rolandjosh; usertype=EMPLOYEE
[2025-12-18 05:31:07] Entered login() method. METHOD=POST POST=["txtUsername","txtPassword","btnLogin"]
[2025-12-18 05:31:07] Attempt login for username='admin'
[2025-12-18 05:31:07] findByUsername returned: FOUND
[2025-12-18 05:31:07] Stored password appears plain; performing direct compare (legacy)
[2025-12-18 05:31:07] Plaintext compare succeeded
[2025-12-18 05:31:07] Login successful for admin; usertype=ADMIN
[2025-12-18 05:40:05] Entered login() method. METHOD=POST POST=["txtUsername","txtPassword","btnLogin"]
[2025-12-18 05:40:05] Attempt login for username='head'
[2025-12-18 05:40:05] findByUsername returned: FOUND
[2025-12-18 05:40:05] Stored password appears hashed; using password_verify
[2025-12-18 05:40:05] password_verify succeeded
[2025-12-18 05:40:05] Login successful for head; usertype=HEAD
[2025-12-18 05:40:14] Entered login() method. METHOD=POST POST=["txtUsername","txtPassword","btnLogin"]
[2025-12-18 05:40:14] Attempt login for username='smiran.kenneth'
[2025-12-18 05:40:14] findByUsername returned: FOUND
[2025-12-18 05:40:14] Stored password appears hashed; using password_verify
[2025-12-18 05:40:14] password_verify succeeded
[2025-12-18 05:40:14] Login successful for smiran.kenneth; usertype=IT
[2025-12-18 05:40:57] Entered login() method. METHOD=POST POST=["txtUsername","txtPassword","btnLogin"]
[2025-12-18 05:40:57] Attempt login for username='admin'
[2025-12-18 05:40:57] findByUsername returned: FOUND
[2025-12-18 05:40:57] Stored password appears plain; performing direct compare (legacy)
[2025-12-18 05:40:57] Plaintext compare succeeded
[2025-12-18 05:40:57] Login successful for admin; usertype=ADMIN
[2025-12-18 05:57:01] Entered login() method. METHOD=POST POST=["txtUsername","txtPassword","btnLogin"]
[2025-12-18 05:57:01] Attempt login for username='head'
[2025-12-18 05:57:01] findByUsername returned: FOUND
[2025-12-18 05:57:01] Stored password appears hashed; using password_verify
[2025-12-18 05:57:01] password_verify succeeded
[2025-12-18 05:57:01] Login successful for head; usertype=HEAD
[2025-12-18 05:57:07] Entered login() method. METHOD=POST POST=["txtUsername","txtPassword","btnLogin"]
[2025-12-18 05:57:07] Attempt login for username='smiran.kenneth'
[2025-12-18 05:57:07] findByUsername returned: FOUND
[2025-12-18 05:57:07] Stored password appears hashed; using password_verify
[2025-12-18 05:57:07] password_verify succeeded
[2025-12-18 05:57:07] Login successful for smiran.kenneth; usertype=IT
[2025-12-18 06:00:57] Entered login() method. METHOD=POST POST=["txtUsername","txtPassword","btnLogin"]
[2025-12-18 06:00:57] Attempt login for username='admin'
[2025-12-18 06:00:57] findByUsername returned: FOUND
[2025-12-18 06:00:57] Stored password appears plain; performing direct compare (legacy)
[2025-12-18 06:00:57] Plaintext compare succeeded
[2025-12-18 06:00:57] Login successful for admin; usertype=ADMIN
[2025-12-18 06:01:43] Entered login() method. METHOD=POST POST=["txtUsername","txtPassword","btnLogin"]
[2025-12-18 06:01:43] Attempt login for username='admin'
[2025-12-18 06:01:43] findByUsername returned: FOUND
[2025-12-18 06:01:43] Stored password appears plain; performing direct compare (legacy)
[2025-12-18 06:01:43] Plaintext compare succeeded
[2025-12-18 06:01:43] Login successful for admin; usertype=ADMIN
[2025-12-18 06:02:36] Entered login() method. METHOD=POST POST=["txtUsername","txtPassword","btnLogin"]
[2025-12-18 06:02:36] Attempt login for username='smiran.rolandjosh'
[2025-12-18 06:02:36] findByUsername returned: FOUND
[2025-12-18 06:02:36] Stored password appears plain; performing direct compare (legacy)
[2025-12-18 06:02:36] Plaintext compare succeeded
[2025-12-18 06:02:36] Login successful for smiran.rolandjosh; usertype=EMPLOYEE
[2025-12-18 06:03:48] Entered login() method. METHOD=POST POST=["txtUsername","txtPassword","btnLogin"]
[2025-12-18 06:03:48] Attempt login for username='smiran.kenneth'
[2025-12-18 06:03:48] findByUsername returned: FOUND
[2025-12-18 06:03:48] Stored password appears hashed; using password_verify
[2025-12-18 06:03:48] password_verify succeeded
[2025-12-18 06:03:48] Login successful for smiran.kenneth; usertype=IT
[2025-12-18 06:05:39] Entered login() method. METHOD=POST POST=["txtUsername","txtPassword","btnLogin"]
[2025-12-18 06:05:39] Attempt login for username='head'
[2025-12-18 06:05:39] findByUsername returned: FOUND
[2025-12-18 06:05:39] Stored password appears hashed; using password_verify
[2025-12-18 06:05:39] password_verify succeeded
[2025-12-18 06:05:39] Login successful for head; usertype=HEAD
[2025-12-18 06:06:29] Entered login() method. METHOD=POST POST=["txtUsername","txtPassword","btnLogin"]
[2025-12-18 06:06:29] Attempt login for username='smiran.rolandjosh'
[2025-12-18 06:06:29] findByUsername returned: FOUND
[2025-12-18 06:06:29] Stored password appears plain; performing direct compare (legacy)
[2025-12-18 06:06:29] Plaintext compare succeeded
[2025-12-18 06:06:29] Login successful for smiran.rolandjosh; usertype=EMPLOYEE
[2025-12-18 06:15:40] Entered login() method. METHOD=POST POST=["txtUsername","txtPassword","btnLogin"]
[2025-12-18 06:15:40] Attempt login for username='admin'
[2025-12-18 06:15:40] findByUsername returned: FOUND
[2025-12-18 06:15:40] Stored password appears plain; performing direct compare (legacy)
[2025-12-18 06:15:40] Plaintext compare succeeded
[2025-12-18 06:15:40] Login successful for admin; usertype=ADMIN
[2025-12-18 07:04:22] Entered login() method. METHOD=POST POST=["txtUsername","txtPassword","btnLogin"]
[2025-12-18 07:04:22] Attempt login for username='smiran.kenneth'
[2025-12-18 07:04:22] findByUsername returned: FOUND
[2025-12-18 07:04:22] Stored password appears hashed; using password_verify
[2025-12-18 07:04:22] password_verify succeeded
[2025-12-18 07:04:22] Login successful for smiran.kenneth; usertype=IT
[2025-12-18 07:04:31] Entered login() method. METHOD=POST POST=["txtUsername","txtPassword","btnLogin"]
[2025-12-18 07:04:31] Attempt login for username='admin'
[2025-12-18 07:04:31] findByUsername returned: FOUND
[2025-12-18 07:04:31] Stored password appears plain; performing direct compare (legacy)
[2025-12-18 07:04:31] Plaintext compare succeeded
[2025-12-18 07:04:31] Login successful for admin; usertype=ADMIN
[2025-12-18 07:04:45] Entered login() method. METHOD=POST POST=["txtUsername","txtPassword","btnLogin"]
[2025-12-18 07:04:45] Attempt login for username='smiran.kenneth'
[2025-12-18 07:04:45] findByUsername returned: FOUND
[2025-12-18 07:04:45] Stored password appears hashed; using password_verify
[2025-12-18 07:04:45] password_verify succeeded
[2025-12-18 07:04:45] Login successful for smiran.kenneth; usertype=IT
[2025-12-18 07:10:07] Entered login() method. METHOD=POST POST=["txtUsername","txtPassword","btnLogin"]
[2025-12-18 07:10:07] Attempt login for username='smiran.rolandjosh'
[2025-12-18 07:10:07] findByUsername returned: FOUND
[2025-12-18 07:10:07] Stored password appears plain; performing direct compare (legacy)
[2025-12-18 07:10:07] Plaintext compare succeeded
[2025-12-18 07:10:07] Login successful for smiran.rolandjosh; usertype=EMPLOYEE
[2025-12-18 08:05:24] Entered login() method. METHOD=POST POST=["txtUsername","txtPassword","btnLogin"]
[2025-12-18 08:05:24] Attempt login for username='admin'
[2025-12-18 08:05:24] findByUsername returned: FOUND
[2025-12-18 08:05:24] Stored password appears plain; performing direct compare (legacy)
[2025-12-18 08:05:24] Plaintext compare succeeded
[2025-12-18 08:05:24] Login successful for admin; usertype=ADMIN
[2025-12-18 08:05:34] Entered login() method. METHOD=POST POST=["txtUsername","txtPassword","btnLogin"]
[2025-12-18 08:05:34] Attempt login for username='smiran.rolandjosh'
[2025-12-18 08:05:34] findByUsername returned: FOUND
[2025-12-18 08:05:34] Stored password appears plain; performing direct compare (legacy)
[2025-12-18 08:05:34] Plaintext compare succeeded
[2025-12-18 08:05:34] Login successful for smiran.rolandjosh; usertype=EMPLOYEE
[2025-12-18 08:05:57] Entered login() method. METHOD=POST POST=["txtUsername","txtPassword","btnLogin"]
[2025-12-18 08:05:57] Attempt login for username='admin'
[2025-12-18 08:05:57] findByUsername returned: FOUND
[2025-12-18 08:05:57] Stored password appears plain; performing direct compare (legacy)
[2025-12-18 08:05:57] Plaintext compare succeeded
[2025-12-18 08:05:57] Login successful for admin; usertype=ADMIN
[2025-12-18 08:10:26] Entered login() method. METHOD=POST POST=["txtUsername","txtPassword","btnLogin"]
[2025-12-18 08:10:26] Attempt login for username='head'
[2025-12-18 08:10:26] findByUsername returned: NOT FOUND
[2025-12-18 08:10:26] Login failed for head — redirecting back to /login
[2025-12-18 08:10:34] Entered login() method. METHOD=POST POST=["txtUsername","txtPassword","btnLogin"]
[2025-12-18 08:10:34] Attempt login for username='smiran.head'
[2025-12-18 08:10:34] findByUsername returned: FOUND
[2025-12-18 08:10:34] Stored password appears hashed; using password_verify
[2025-12-18 08:10:34] password_verify succeeded
[2025-12-18 08:10:34] Login successful for smiran.head; usertype=HEAD
[2025-12-19 01:43:25] Entered login() method. METHOD=POST POST=["txtUsername","txtPassword","btnLogin"]
[2025-12-19 01:43:25] Attempt login for username='admin'
[2025-12-19 01:43:25] findByUsername returned: FOUND
[2025-12-19 01:43:25] Stored password appears plain; performing direct compare (legacy)
[2025-12-19 01:43:25] Plaintext compare succeeded
[2025-12-19 01:43:25] Login successful for admin; usertype=ADMIN
[2025-12-19 02:08:37] Entered login() method. METHOD=POST POST=["txtUsername","txtPassword","btnLogin"]
[2025-12-19 02:08:37] Attempt login for username='admin'
[2025-12-19 02:08:37] findByUsername returned: FOUND
[2025-12-19 02:08:37] Stored password appears plain; performing direct compare (legacy)
[2025-12-19 02:08:37] Plaintext compare succeeded
[2025-12-19 02:08:37] Login successful for admin; usertype=ADMIN
[2025-12-19 02:08:44] Entered login() method. METHOD=POST POST=["txtUsername","txtPassword","btnLogin"]
[2025-12-19 02:08:44] Attempt login for username='employee'
[2025-12-19 02:08:44] findByUsername returned: NOT FOUND
[2025-12-19 02:08:44] Login failed for employee — redirecting back to /login
[2025-12-19 02:08:48] Entered login() method. METHOD=POST POST=["txtUsername","txtPassword","btnLogin"]
[2025-12-19 02:08:48] Attempt login for username='smiran.rolandjosh'
[2025-12-19 02:08:48] findByUsername returned: FOUND
[2025-12-19 02:08:48] Stored password appears plain; performing direct compare (legacy)
[2025-12-19 02:08:48] Plaintext compare succeeded
[2025-12-19 02:08:48] Login successful for smiran.rolandjosh; usertype=EMPLOYEE
[2025-12-22 04:17:22] Entered login() method. METHOD=POST POST=["txtUsername","txtPassword","btnLogin"]
[2025-12-22 04:17:22] Attempt login for username='admin'
[2025-12-22 04:17:22] findByUsername returned: FOUND
[2025-12-22 04:17:22] Stored password appears plain; performing direct compare (legacy)
[2025-12-22 04:17:22] Plaintext compare succeeded
[2025-12-22 04:17:22] Login successful for admin; usertype=ADMIN
[2025-12-22 13:33:04] Entered login() method. METHOD=POST POST=["txtUsername","txtPassword","btnLogin"]
[2025-12-22 13:33:04] Attempt login for username='admin'
[2025-12-22 13:33:04] findByUsername returned: FOUND
[2025-12-22 13:33:04] Stored password appears plain; performing direct compare (legacy)
[2025-12-22 13:33:04] Plaintext compare succeeded
[2025-12-22 13:33:04] Login successful for admin; usertype=ADMIN
[2025-12-22 13:43:35] Entered login() method. METHOD=POST POST=["txtUsername","txtPassword","btnLogin"]
[2025-12-22 13:43:35] Attempt login for username='smiran.rolandjosh'
[2025-12-22 13:43:35] findByUsername returned: FOUND
[2025-12-22 13:43:35] Stored password appears plain; performing direct compare (legacy)
[2025-12-22 13:43:35] Plaintext compare succeeded
[2025-12-22 13:43:35] Login successful for smiran.rolandjosh; usertype=EMPLOYEE
[2026-01-22 21:20:05] Entered login() method. METHOD=POST POST=["txtUsername","txtPassword","btnLogin"]
[2026-01-22 21:20:05] Attempt login for username='smiran.head'
[2026-01-22 21:20:05] findByUsername returned: FOUND
[2026-01-22 21:20:05] Stored password appears hashed; using password_verify
[2026-01-22 21:20:05] password_verify succeeded
[2026-01-22 21:20:05] Login successful for smiran.head; usertype=HEAD
[2026-01-22 21:37:20] Entered login() method. METHOD=POST POST=["txtUsername","txtPassword","btnLogin"]
[2026-01-22 21:37:20] Attempt login for username='smiran.head'
[2026-01-22 21:37:20] findByUsername returned: FOUND
[2026-01-22 21:37:20] Stored password appears hashed; using password_verify
[2026-01-22 21:37:20] password_verify succeeded
[2026-01-22 21:37:20] Login successful for smiran.head; usertype=HEAD
[2026-01-22 22:17:33] Entered login() method. METHOD=POST POST=["txtUsername","txtPassword","btnLogin"]
[2026-01-22 22:17:33] Attempt login for username='smiran.head'
[2026-01-22 22:17:33] findByUsername returned: FOUND
[2026-01-22 22:17:33] Stored password appears hashed; using password_verify
[2026-01-22 22:17:33] password_verify succeeded
[2026-01-22 22:17:33] Login successful for smiran.head; usertype=HEAD
[2026-01-22 22:22:08] Entered login() method. METHOD=POST POST=["txtUsername","txtPassword","btnLogin"]
[2026-01-22 22:22:08] Attempt login for username='smiran.employee'
[2026-01-22 22:22:08] findByUsername returned: FOUND
[2026-01-22 22:22:08] Stored password appears hashed; using password_verify
[2026-01-22 22:22:08] password_verify succeeded
[2026-01-22 22:22:08] Login successful for smiran.employee; usertype=EMPLOYEE
[2026-01-22 22:41:06] Entered login() method. METHOD=POST POST=["txtUsername","txtPassword","btnLogin"]
[2026-01-22 22:41:06] Attempt login for username='smiran.head'
[2026-01-22 22:41:06] findByUsername returned: FOUND
[2026-01-22 22:41:06] Stored password appears hashed; using password_verify
[2026-01-22 22:41:06] password_verify succeeded
[2026-01-22 22:41:06] Login successful for smiran.head; usertype=HEAD
[2026-01-22 23:49:02] Entered login() method. METHOD=POST POST=["txtUsername","txtPassword","btnLogin"]
[2026-01-22 23:49:02] Attempt login for username='admin'
[2026-01-22 23:49:02] findByUsername returned: FOUND
[2026-01-22 23:49:02] Stored password appears plain; performing direct compare (legacy)
[2026-01-22 23:49:02] Plaintext compare succeeded
[2026-01-22 23:49:02] Login successful for admin; usertype=ADMIN
[2026-01-22 23:50:00] Entered login() method. METHOD=POST POST=["txtUsername","txtPassword","btnLogin"]
[2026-01-22 23:50:00] Attempt login for username='smiran.rolandjosh'
[2026-01-22 23:50:00] findByUsername returned: FOUND
[2026-01-22 23:50:00] Stored password appears plain; performing direct compare (legacy)
[2026-01-22 23:50:00] Plaintext compare succeeded
[2026-01-22 23:50:00] Login successful for smiran.rolandjosh; usertype=EMPLOYEE
[2026-01-23 00:18:46] Entered login() method. METHOD=POST POST=["txtUsername","txtPassword","btnLogin"]
[2026-01-23 00:18:46] Attempt login for username='smiran.head'
[2026-01-23 00:18:46] findByUsername returned: FOUND
[2026-01-23 00:18:46] Stored password appears hashed; using password_verify
[2026-01-23 00:18:46] password_verify succeeded
[2026-01-23 00:18:46] Login successful for smiran.head; usertype=HEAD
[2026-01-23 00:25:47] Entered login() method. METHOD=POST POST=["txtUsername","txtPassword","btnLogin"]
[2026-01-23 00:25:47] Attempt login for username='smiran.rolandjosh'
[2026-01-23 00:25:47] findByUsername returned: FOUND
[2026-01-23 00:25:47] Stored password appears plain; performing direct compare (legacy)
[2026-01-23 00:25:47] Plaintext compare succeeded
[2026-01-23 00:25:47] Login successful for smiran.rolandjosh; usertype=EMPLOYEE
[2026-01-23 00:32:05] Entered login() method. METHOD=POST POST=["txtUsername","txtPassword","btnLogin"]
[2026-01-23 00:32:05] Attempt login for username='smiran.rolandjosh'
[2026-01-23 00:32:05] findByUsername returned: FOUND
[2026-01-23 00:32:05] Stored password appears plain; performing direct compare (legacy)
[2026-01-23 00:32:05] Plaintext compare succeeded
[2026-01-23 00:32:05] Login successful for smiran.rolandjosh; usertype=EMPLOYEE
[2026-01-23 02:24:13] Entered login() method. METHOD=POST POST=["txtUsername","txtPassword","btnLogin"]
[2026-01-23 02:24:13] Attempt login for username='admin'
[2026-01-23 02:24:13] findByUsername returned: FOUND
[2026-01-23 02:24:13] Stored password appears plain; performing direct compare (legacy)
[2026-01-23 02:24:13] Plaintext compare succeeded
[2026-01-23 02:24:13] Login successful for admin; usertype=ADMIN
[2026-01-23 03:51:23] Entered login() method. METHOD=GET POST=[]
[2026-01-23 03:51:23] Not POST request — redirecting to /login
[2026-01-23 03:58:59] Entered login() method. METHOD=POST POST=["txtUsername","txtPassword","btnLogin"]
[2026-01-23 03:58:59] Attempt login for username='admin'
[2026-01-23 03:58:59] findByUsername returned: FOUND
[2026-01-23 03:58:59] Stored password appears plain; performing direct compare (legacy)
[2026-01-23 03:58:59] Plaintext compare succeeded
[2026-01-23 03:58:59] Login successful for admin; usertype=ADMIN
[2026-01-23 14:52:25] Entered login() method. METHOD=POST POST=["txtUsername","txtPassword","btnLogin"]
[2026-01-23 14:52:25] Attempt login for username='smiran.rolandjosh'
[2026-01-23 14:52:25] findByUsername returned: FOUND
[2026-01-23 14:52:25] Stored password appears plain; performing direct compare (legacy)
[2026-01-23 14:52:25] Plaintext compare succeeded
[2026-01-23 14:52:25] Login successful for smiran.rolandjosh; usertype=EMPLOYEE
[2026-02-26 00:52:14] Entered login() method. METHOD=POST POST=["txtUsername","txtPassword","btnLogin"]
[2026-02-26 00:52:14] Attempt login for username='admin'
[2026-02-26 00:52:14] findByUsername returned: FOUND
[2026-02-26 00:52:14] Stored password appears plain; performing direct compare (legacy)
[2026-02-26 00:52:14] Plaintext compare succeeded
[2026-02-26 00:52:14] Login successful for admin; usertype=ADMIN
[2026-02-26 00:52:37] Entered login() method. METHOD=POST POST=["txtUsername","txtPassword","btnLogin"]
[2026-02-26 00:52:37] Attempt login for username='smiran.rolandjosh'
[2026-02-26 00:52:37] findByUsername returned: FOUND
[2026-02-26 00:52:37] Stored password appears plain; performing direct compare (legacy)
[2026-02-26 00:52:37] Plaintext compare succeeded
[2026-02-26 00:52:37] Login successful for smiran.rolandjosh; usertype=EMPLOYEE
[2026-03-02 00:49:06] Entered login() method. METHOD=POST POST=["txtUsername","txtPassword","btnLogin"]
[2026-03-02 00:49:06] Attempt login for username='admin'
[2026-03-02 00:49:06] findByUsername returned: FOUND
[2026-03-02 00:49:06] Stored password appears plain; performing direct compare (legacy)
[2026-03-02 00:49:06] Plaintext compare succeeded
[2026-03-02 00:49:06] Login successful for admin; usertype=ADMIN
[2026-03-02 01:22:33] Entered login() method. METHOD=POST POST=["txtUsername","txtPassword","btnLogin"]
[2026-03-02 01:22:33] Attempt login for username='Charles'
[2026-03-02 01:22:33] findByUsername returned: FOUND
[2026-03-02 01:22:33] Stored password appears hashed; using password_verify
[2026-03-02 01:22:34] password_verify succeeded
[2026-03-02 01:22:34] Login successful for Charles; usertype=EMPLOYEE
[2026-03-02 01:22:51] Entered login() method. METHOD=POST POST=["txtUsername","txtPassword","btnLogin"]
[2026-03-02 01:22:51] Attempt login for username='admin'
[2026-03-02 01:22:51] findByUsername returned: FOUND
[2026-03-02 01:22:51] Stored password appears plain; performing direct compare (legacy)
[2026-03-02 01:22:51] Plaintext compare succeeded
[2026-03-02 01:22:51] Login successful for admin; usertype=ADMIN
[2026-03-02 01:24:01] Entered login() method. METHOD=POST POST=["txtUsername","txtPassword","btnLogin"]
[2026-03-02 01:24:01] Attempt login for username='smiran.kenneth'
[2026-03-02 01:24:01] findByUsername returned: FOUND
[2026-03-02 01:24:01] Stored password appears hashed; using password_verify
[2026-03-02 01:24:01] password_verify succeeded
[2026-03-02 01:24:01] Login successful for smiran.kenneth; usertype=IT
[2026-03-02 01:24:18] Entered login() method. METHOD=POST POST=["txtUsername","txtPassword","btnLogin"]
[2026-03-02 01:24:18] Attempt login for username='smiran.rolandjosh'
[2026-03-02 01:24:18] findByUsername returned: FOUND
[2026-03-02 01:24:18] Stored password appears plain; performing direct compare (legacy)
[2026-03-02 01:24:18] Plaintext compare succeeded
[2026-03-02 01:24:18] Login successful for smiran.rolandjosh; usertype=EMPLOYEE
[2026-03-02 01:24:39] Entered login() method. METHOD=POST POST=["txtUsername","txtPassword","btnLogin"]
[2026-03-02 01:24:39] Attempt login for username='admin'
[2026-03-02 01:24:39] findByUsername returned: FOUND
[2026-03-02 01:24:39] Stored password appears plain; performing direct compare (legacy)
[2026-03-02 01:24:39] Plaintext compare succeeded
[2026-03-02 01:24:39] Login successful for admin; usertype=ADMIN
[2026-03-02 01:59:37] Entered login() method. METHOD=POST POST=["txtUsername","txtPassword","btnLogin"]
[2026-03-02 01:59:37] Attempt login for username='admin'
[2026-03-02 01:59:37] findByUsername returned: FOUND
[2026-03-02 01:59:37] Stored password appears plain; performing direct compare (legacy)
[2026-03-02 01:59:37] Plaintext compare succeeded
[2026-03-02 01:59:37] Login successful for admin; usertype=ADMIN
[2026-03-02 20:21:13] Entered login() method. METHOD=POST POST=["txtUsername","txtPassword","btnLogin"]
[2026-03-02 20:21:13] Attempt login for username='admin'
[2026-03-02 20:21:13] findByUsername returned: FOUND
[2026-03-02 20:21:13] Stored password appears plain; performing direct compare (legacy)
[2026-03-02 20:21:13] Plaintext compare succeeded
[2026-03-02 20:21:13] Login successful for admin; usertype=ADMIN
[2026-03-02 20:22:05] Entered login() method. METHOD=POST POST=["txtUsername","txtPassword","btnLogin"]
[2026-03-02 20:22:05] Attempt login for username='smiran.rolandjosh'
[2026-03-02 20:22:05] findByUsername returned: FOUND
[2026-03-02 20:22:05] Stored password appears plain; performing direct compare (legacy)
[2026-03-02 20:22:05] Plaintext compare succeeded
[2026-03-02 20:22:05] Login successful for smiran.rolandjosh; usertype=EMPLOYEE
[2026-03-02 20:22:34] Entered login() method. METHOD=POST POST=["txtUsername","txtPassword","btnLogin"]
[2026-03-02 20:22:34] Attempt login for username='smiran.head'
[2026-03-02 20:22:34] findByUsername returned: FOUND
[2026-03-02 20:22:34] Stored password appears hashed; using password_verify
[2026-03-02 20:22:34] password_verify succeeded
[2026-03-02 20:22:34] Login successful for smiran.head; usertype=HEAD
[2026-03-02 20:23:08] Entered login() method. METHOD=POST POST=["txtUsername","txtPassword","btnLogin"]
[2026-03-02 20:23:08] Attempt login for username='Charles'
[2026-03-02 20:23:08] findByUsername returned: FOUND
[2026-03-02 20:23:08] Stored password appears hashed; using password_verify
[2026-03-02 20:23:09] password_verify succeeded
[2026-03-02 20:23:09] Login successful for Charles; usertype=EMPLOYEE
[2026-03-02 20:23:23] Entered login() method. METHOD=POST POST=["txtUsername","txtPassword","btnLogin"]
[2026-03-02 20:23:23] Attempt login for username='admin'
[2026-03-02 20:23:23] findByUsername returned: FOUND
[2026-03-02 20:23:23] Stored password appears plain; performing direct compare (legacy)
[2026-03-02 20:23:23] Plaintext compare succeeded
[2026-03-02 20:23:23] Login successful for admin; usertype=ADMIN
[2026-03-02 23:15:32] Entered login() method. METHOD=POST POST=["txtUsername","txtPassword","btnLogin"]
[2026-03-02 23:15:32] Attempt login for username='admin'
[2026-03-02 23:15:32] findByUsername returned: FOUND
[2026-03-02 23:15:32] Stored password appears plain; performing direct compare (legacy)
[2026-03-02 23:15:32] Plaintext compare succeeded
[2026-03-02 23:15:32] Login successful for admin; usertype=ADMIN
[2026-03-03 02:06:05] Entered login() method. METHOD=POST POST=["txtUsername","txtPassword","btnLogin"]
[2026-03-03 02:06:05] Attempt login for username='admin'
[2026-03-03 02:06:05] findByUsername returned: FOUND
[2026-03-03 02:06:05] Stored password appears plain; performing direct compare (legacy)
[2026-03-03 02:06:05] Plaintext compare succeeded
[2026-03-03 02:06:05] Login successful for admin; usertype=ADMIN
[2026-03-03 03:50:09] Entered login() method. METHOD=POST POST=["txtUsername","txtPassword","btnLogin"]
[2026-03-03 03:50:09] Attempt login for username='admin'
[2026-03-03 03:50:09] findByUsername returned: FOUND
[2026-03-03 03:50:09] Stored password appears plain; performing direct compare (legacy)
[2026-03-03 03:50:09] Plaintext compare succeeded
[2026-03-03 03:50:09] Login successful for admin; usertype=ADMIN
[2026-03-10 03:56:04] Entered login() method. METHOD=POST POST=["txtUsername","txtPassword","btnLogin"]
[2026-03-10 03:56:04] Attempt login for username='admin'
[2026-03-10 03:56:04] findByUsername returned: FOUND
[2026-03-10 03:56:04] Stored password appears plain; performing direct compare (legacy)
[2026-03-10 03:56:04] Plaintext compare failed
[2026-03-10 03:56:04] Login failed for admin — redirecting back to /login
[2026-03-10 03:57:46] Entered login() method. METHOD=POST POST=["txtUsername","txtPassword","btnLogin"]
[2026-03-10 03:57:46] Attempt login for username='admin'
[2026-03-10 03:57:46] findByUsername returned: FOUND
[2026-03-10 03:57:46] Stored password appears plain; performing direct compare (legacy)
[2026-03-10 03:57:46] Plaintext compare failed
[2026-03-10 03:57:46] Login failed for admin — redirecting back to /login
[2026-03-10 03:57:50] Entered login() method. METHOD=POST POST=["txtUsername","txtPassword","btnLogin"]
[2026-03-10 03:57:50] Attempt login for username='admin'
[2026-03-10 03:57:50] findByUsername returned: FOUND
[2026-03-10 03:57:50] Stored password appears plain; performing direct compare (legacy)
[2026-03-10 03:57:50] Plaintext compare succeeded
[2026-03-10 03:57:50] Login successful for admin; usertype=ADMIN
[2026-03-10 03:58:34] Entered login() method. METHOD=POST POST=["txtUsername","txtPassword","btnLogin"]
[2026-03-10 03:58:34] Attempt login for username='marketingstoragemart'
[2026-03-10 03:58:34] findByUsername returned: NOT FOUND
[2026-03-10 03:58:34] Login failed for marketingstoragemart — redirecting back to /login
[2026-03-10 04:02:10] Entered login() method. METHOD=POST POST=["txtUsername","txtPassword","btnLogin"]
[2026-03-10 04:02:10] Attempt login for username='urrutiaf'
[2026-03-10 04:02:10] findByUsername returned: FOUND
[2026-03-10 04:02:10] Stored password appears hashed; using password_verify
[2026-03-10 04:02:10] password_verify succeeded
[2026-03-10 04:02:10] Login successful for urrutiaf; usertype=IT
[2026-03-11 01:35:57] Entered login() method. METHOD=POST POST=["txtUsername","txtPassword","btnLogin"]
[2026-03-11 01:35:57] Attempt login for username='urrutiaf'
[2026-03-11 01:35:57] findByUsername returned: FOUND
[2026-03-11 01:35:57] Stored password appears hashed; using password_verify
[2026-03-11 01:35:57] password_verify succeeded
[2026-03-11 01:35:57] Login successful for urrutiaf; usertype=IT
[2026-03-11 03:25:15] Entered login() method. METHOD=GET POST=[]
[2026-03-11 03:25:15] Not POST request — redirecting to /login
[2026-03-11 21:45:22] Entered login() method. METHOD=POST POST=["txtUsername","txtPassword","btnLogin"]
[2026-03-11 21:45:22] Attempt login for username='smiran.kenneth'
[2026-03-11 21:45:22] findByUsername returned: FOUND
[2026-03-11 21:45:22] Stored password appears hashed; using password_verify
[2026-03-11 21:45:22] password_verify succeeded
[2026-03-11 21:45:22] Login successful for smiran.kenneth; usertype=IT
[2026-03-11 21:45:49] Entered login() method. METHOD=POST POST=["txtUsername","txtPassword","btnLogin"]
[2026-03-11 21:45:49] Attempt login for username='smiran.rolandjosh'
[2026-03-11 21:45:49] findByUsername returned: FOUND
[2026-03-11 21:45:49] Stored password appears plain; performing direct compare (legacy)
[2026-03-11 21:45:49] Plaintext compare succeeded
[2026-03-11 21:45:49] Login successful for smiran.rolandjosh; usertype=EMPLOYEE
[2026-03-11 22:12:23] Entered login() method. METHOD=POST POST=["txtUsername","txtPassword","btnLogin"]
[2026-03-11 22:12:23] Attempt login for username='smiran.kenneth'
[2026-03-11 22:12:23] findByUsername returned: FOUND
[2026-03-11 22:12:23] Stored password appears hashed; using password_verify
[2026-03-11 22:12:23] password_verify succeeded
[2026-03-11 22:12:23] Login successful for smiran.kenneth; usertype=IT
[2026-03-11 22:13:49] Entered login() method. METHOD=POST POST=["txtUsername","txtPassword","btnLogin"]
[2026-03-11 22:13:49] Attempt login for username='smiran.rolandjosh'
[2026-03-11 22:13:49] findByUsername returned: FOUND
[2026-03-11 22:13:49] Stored password appears plain; performing direct compare (legacy)
[2026-03-11 22:13:49] Plaintext compare succeeded
[2026-03-11 22:13:49] Login successful for smiran.rolandjosh; usertype=EMPLOYEE
[2026-03-11 22:14:35] Entered login() method. METHOD=POST POST=["txtUsername","txtPassword","btnLogin"]
[2026-03-11 22:14:35] Attempt login for username='smiran.kenneth'
[2026-03-11 22:14:35] findByUsername returned: FOUND
[2026-03-11 22:14:35] Stored password appears hashed; using password_verify
[2026-03-11 22:14:35] password_verify succeeded
[2026-03-11 22:14:35] Login successful for smiran.kenneth; usertype=IT
[2026-03-11 22:24:21] Entered login() method. METHOD=POST POST=["txtUsername","txtPassword","btnLogin"]
[2026-03-11 22:24:21] Attempt login for username='admin'
[2026-03-11 22:24:21] findByUsername returned: FOUND
[2026-03-11 22:24:21] Stored password appears plain; performing direct compare (legacy)
[2026-03-11 22:24:21] Plaintext compare succeeded
[2026-03-11 22:24:21] Login successful for admin; usertype=ADMIN
[2026-03-11 22:24:45] Entered login() method. METHOD=POST POST=["txtUsername","txtPassword","btnLogin"]
[2026-03-11 22:24:45] Attempt login for username='smiran.head'
[2026-03-11 22:24:45] findByUsername returned: FOUND
[2026-03-11 22:24:45] Stored password appears hashed; using password_verify
[2026-03-11 22:24:45] password_verify succeeded
[2026-03-11 22:24:45] Login successful for smiran.head; usertype=HEAD
[2026-03-11 22:25:55] Entered login() method. METHOD=POST POST=["txtUsername","txtPassword","btnLogin"]
[2026-03-11 22:25:55] Attempt login for username='smiran.kenneth'
[2026-03-11 22:25:55] findByUsername returned: FOUND
[2026-03-11 22:25:55] Stored password appears hashed; using password_verify
[2026-03-11 22:25:55] password_verify failed
[2026-03-11 22:25:55] Login failed for smiran.kenneth — redirecting back to /login
[2026-03-11 22:26:04] Entered login() method. METHOD=POST POST=["txtUsername","txtPassword","btnLogin"]
[2026-03-11 22:26:04] Attempt login for username='smiran.kenneth'
[2026-03-11 22:26:04] findByUsername returned: FOUND
[2026-03-11 22:26:04] Stored password appears hashed; using password_verify
[2026-03-11 22:26:04] password_verify succeeded
[2026-03-11 22:26:04] Login successful for smiran.kenneth; usertype=IT
[2026-03-11 22:28:55] Entered login() method. METHOD=POST POST=["txtUsername","txtPassword","btnLogin"]
[2026-03-11 22:28:55] Attempt login for username='smiran.kenneth'
[2026-03-11 22:28:55] findByUsername returned: FOUND
[2026-03-11 22:28:55] Stored password appears hashed; using password_verify
[2026-03-11 22:28:55] password_verify succeeded
[2026-03-11 22:28:55] Login successful for smiran.kenneth; usertype=IT
[2026-03-11 22:32:45] Entered login() method. METHOD=POST POST=["txtUsername","txtPassword","btnLogin"]
[2026-03-11 22:32:45] Attempt login for username='smiran.kenneth'
[2026-03-11 22:32:45] findByUsername returned: FOUND
[2026-03-11 22:32:45] Stored password appears hashed; using password_verify
[2026-03-11 22:32:45] password_verify succeeded
[2026-03-11 22:32:45] Login successful for smiran.kenneth; usertype=IT
[2026-03-12 00:53:37] Entered login() method. METHOD=POST POST=["txtUsername","txtPassword","btnLogin"]
[2026-03-12 00:53:37] Attempt login for username='smiran.kenneth'
[2026-03-12 00:53:37] findByUsername returned: FOUND
[2026-03-12 00:53:37] Stored password appears hashed; using password_verify
[2026-03-12 00:53:37] password_verify succeeded
[2026-03-12 00:53:37] Login successful for smiran.kenneth; usertype=IT
[2026-03-12 00:56:41] Entered login() method. METHOD=POST POST=["txtUsername","txtPassword","btnLogin"]
[2026-03-12 00:56:41] Attempt login for username='smiran.rolandjosh'
[2026-03-12 00:56:41] findByUsername returned: FOUND
[2026-03-12 00:56:41] Stored password appears plain; performing direct compare (legacy)
[2026-03-12 00:56:41] Plaintext compare succeeded
[2026-03-12 00:56:41] Login successful for smiran.rolandjosh; usertype=EMPLOYEE
[2026-03-12 03:15:04] Entered login() method. METHOD=POST POST=["txtUsername","txtPassword","btnLogin"]
[2026-03-12 03:15:04] Attempt login for username='smiran.rolandjosh'
[2026-03-12 03:15:04] findByUsername returned: FOUND
[2026-03-12 03:15:04] Stored password appears plain; performing direct compare (legacy)
[2026-03-12 03:15:04] Plaintext compare succeeded
[2026-03-12 03:15:04] Login successful for smiran.rolandjosh; usertype=EMPLOYEE
[2026-03-12 03:15:35] Entered login() method. METHOD=POST POST=["txtUsername","txtPassword","btnLogin"]
[2026-03-12 03:15:35] Attempt login for username='smiran.head'
[2026-03-12 03:15:35] findByUsername returned: FOUND
[2026-03-12 03:15:35] Stored password appears hashed; using password_verify
[2026-03-12 03:15:35] password_verify succeeded
[2026-03-12 03:15:35] Login successful for smiran.head; usertype=HEAD
[2026-03-12 03:16:06] Entered login() method. METHOD=POST POST=["txtUsername","txtPassword","btnLogin"]
[2026-03-12 03:16:06] Attempt login for username='smiran.kenneth'
[2026-03-12 03:16:06] findByUsername returned: FOUND
[2026-03-12 03:16:06] Stored password appears hashed; using password_verify
[2026-03-12 03:16:06] password_verify succeeded
[2026-03-12 03:16:06] Login successful for smiran.kenneth; usertype=IT
[2026-03-12 03:22:04] Entered login() method. METHOD=POST POST=["txtUsername","txtPassword","btnLogin"]
[2026-03-12 03:22:04] Attempt login for username='smiran.rolandjosh'
[2026-03-12 03:22:04] findByUsername returned: FOUND
[2026-03-12 03:22:04] Stored password appears plain; performing direct compare (legacy)
[2026-03-12 03:22:04] Plaintext compare succeeded
[2026-03-12 03:22:04] Login successful for smiran.rolandjosh; usertype=EMPLOYEE
[2026-03-12 03:25:28] Entered login() method. METHOD=GET POST=[]
[2026-03-12 03:25:28] Not POST request — redirecting to /login
[2026-03-12 03:35:03] Entered login() method. METHOD=POST POST=["txtUsername","txtPassword","btnLogin"]
[2026-03-12 03:35:03] Attempt login for username='smiran.rolandjosh'
[2026-03-12 03:35:03] findByUsername returned: FOUND
[2026-03-12 03:35:03] Stored password appears plain; performing direct compare (legacy)
[2026-03-12 03:35:03] Plaintext compare succeeded
[2026-03-12 03:35:03] Login successful for smiran.rolandjosh; usertype=EMPLOYEE
[2026-03-12 03:55:22] Entered login() method. METHOD=POST POST=["txtUsername","txtPassword","btnLogin"]
[2026-03-12 03:55:22] Attempt login for username='smiran.rolandjosh'
[2026-03-12 03:55:22] findByUsername returned: FOUND
[2026-03-12 03:55:22] Stored password appears plain; performing direct compare (legacy)
[2026-03-12 03:55:22] Plaintext compare succeeded
[2026-03-12 03:55:22] Login successful for smiran.rolandjosh; usertype=EMPLOYEE
[2026-03-12 03:55:36] Entered login() method. METHOD=POST POST=["txtUsername","txtPassword","btnLogin"]
[2026-03-12 03:55:36] Attempt login for username='urrutiaf'
[2026-03-12 03:55:36] findByUsername returned: FOUND
[2026-03-12 03:55:36] Stored password appears hashed; using password_verify
[2026-03-12 03:55:37] password_verify succeeded
[2026-03-12 03:55:37] Login successful for urrutiaf; usertype=IT
[2026-03-12 03:59:23] Entered login() method. METHOD=POST POST=["txtUsername","txtPassword","btnLogin"]
[2026-03-12 03:59:23] Attempt login for username='smiran.rolandjosh'
[2026-03-12 03:59:23] findByUsername returned: FOUND
[2026-03-12 03:59:23] Stored password appears plain; performing direct compare (legacy)
[2026-03-12 03:59:23] Plaintext compare succeeded
[2026-03-12 03:59:23] Login successful for smiran.rolandjosh; usertype=EMPLOYEE
[2026-03-12 04:09:02] Entered login() method. METHOD=GET POST=[]
[2026-03-12 04:09:02] Not POST request — redirecting to /login
[2026-03-12 04:09:02] Entered login() method. METHOD=GET POST=[]
[2026-03-12 04:09:02] Not POST request — redirecting to /login
[2026-03-12 04:09:02] Entered login() method. METHOD=GET POST=[]
[2026-03-12 04:09:02] Not POST request — redirecting to /login
[2026-03-12 20:58:02] Entered login() method. METHOD=POST POST=["txtUsername","txtPassword","btnLogin"]
[2026-03-12 20:58:02] Attempt login for username='smiran.rolandjosh'
[2026-03-12 20:58:02] findByUsername returned: FOUND
[2026-03-12 20:58:02] Stored password appears plain; performing direct compare (legacy)
[2026-03-12 20:58:02] Plaintext compare succeeded
[2026-03-12 20:58:02] Login successful for smiran.rolandjosh; usertype=EMPLOYEE
[2026-03-12 21:36:10] Entered login() method. METHOD=POST POST=["txtUsername","txtPassword","btnLogin"]
[2026-03-12 21:36:10] Attempt login for username='smiran.rolandjosh'
[2026-03-12 21:36:10] findByUsername returned: FOUND
[2026-03-12 21:36:10] Stored password appears plain; performing direct compare (legacy)
[2026-03-12 21:36:10] Plaintext compare succeeded
[2026-03-12 21:36:10] Login successful for smiran.rolandjosh; usertype=EMPLOYEE
[2026-03-12 22:53:10] Entered login() method. METHOD=POST POST=["txtUsername","txtPassword","btnLogin"]
[2026-03-12 22:53:10] Attempt login for username='smiran.head'
[2026-03-12 22:53:10] findByUsername returned: FOUND
[2026-03-12 22:53:10] Stored password appears hashed; using password_verify
[2026-03-12 22:53:10] password_verify succeeded
[2026-03-12 22:53:10] Login successful for smiran.head; usertype=HEAD
[2026-03-13 02:31:08] Entered login() method. METHOD=POST POST=["txtUsername","txtPassword","btnLogin"]
[2026-03-13 02:31:08] Attempt login for username='smiran.rolandjosh'
[2026-03-13 02:31:08] findByUsername returned: FOUND
[2026-03-13 02:31:08] Stored password appears plain; performing direct compare (legacy)
[2026-03-13 02:31:08] Plaintext compare succeeded
[2026-03-13 02:31:08] Login successful for smiran.rolandjosh; usertype=EMPLOYEE
[2026-03-13 02:34:24] Entered login() method. METHOD=POST POST=["txtUsername","txtPassword","btnLogin"]
[2026-03-13 02:34:24] Attempt login for username='smiran.head'
[2026-03-13 02:34:24] findByUsername returned: FOUND
[2026-03-13 02:34:24] Stored password appears hashed; using password_verify
[2026-03-13 02:34:24] password_verify succeeded
[2026-03-13 02:34:24] Login successful for smiran.head; usertype=HEAD
[2026-03-13 02:37:23] Entered login() method. METHOD=POST POST=["txtUsername","txtPassword","btnLogin"]
[2026-03-13 02:37:23] Attempt login for username='admin'
[2026-03-13 02:37:23] findByUsername returned: FOUND
[2026-03-13 02:37:23] Stored password appears plain; performing direct compare (legacy)
[2026-03-13 02:37:23] Plaintext compare failed
[2026-03-13 02:37:23] Login failed for admin — redirecting back to /login
[2026-03-13 02:37:27] Entered login() method. METHOD=POST POST=["txtUsername","txtPassword","btnLogin"]
[2026-03-13 02:37:27] Attempt login for username='admin'
[2026-03-13 02:37:27] findByUsername returned: FOUND
[2026-03-13 02:37:27] Stored password appears plain; performing direct compare (legacy)
[2026-03-13 02:37:27] Plaintext compare succeeded
[2026-03-13 02:37:27] Login successful for admin; usertype=ADMIN
[2026-03-13 02:37:54] Entered login() method. METHOD=POST POST=["txtUsername","txtPassword","btnLogin"]
[2026-03-13 02:37:54] Attempt login for username='smiran.kenneth'
[2026-03-13 02:37:54] findByUsername returned: FOUND
[2026-03-13 02:37:54] Stored password appears hashed; using password_verify
[2026-03-13 02:37:54] password_verify succeeded
[2026-03-13 02:37:54] Login successful for smiran.kenneth; usertype=IT
[2026-03-13 02:38:11] Entered login() method. METHOD=POST POST=["txtUsername","txtPassword","btnLogin"]
[2026-03-13 02:38:11] Attempt login for username='smiran.kenneth'
[2026-03-13 02:38:11] findByUsername returned: FOUND
[2026-03-13 02:38:11] Stored password appears hashed; using password_verify
[2026-03-13 02:38:11] password_verify succeeded
[2026-03-13 02:38:11] Login successful for smiran.kenneth; usertype=IT
[2026-03-13 02:40:18] Entered login() method. METHOD=POST POST=["txtUsername","txtPassword","btnLogin"]
[2026-03-13 02:40:18] Attempt login for username='admin'
[2026-03-13 02:40:18] findByUsername returned: FOUND
[2026-03-13 02:40:18] Stored password appears plain; performing direct compare (legacy)
[2026-03-13 02:40:18] Plaintext compare succeeded
[2026-03-13 02:40:18] Login successful for admin; usertype=ADMIN
[2026-03-13 02:40:42] Entered login() method. METHOD=POST POST=["txtUsername","txtPassword","btnLogin"]
[2026-03-13 02:40:42] Attempt login for username='smiran.rolandjosh'
[2026-03-13 02:40:42] findByUsername returned: FOUND
[2026-03-13 02:40:42] Stored password appears plain; performing direct compare (legacy)
[2026-03-13 02:40:42] Plaintext compare succeeded
[2026-03-13 02:40:42] Login successful for smiran.rolandjosh; usertype=EMPLOYEE
[2026-03-13 02:41:13] Entered login() method. METHOD=POST POST=["txtUsername","txtPassword","btnLogin"]
[2026-03-13 02:41:13] Attempt login for username='smiran.kenneth'
[2026-03-13 02:41:13] findByUsername returned: FOUND
[2026-03-13 02:41:13] Stored password appears hashed; using password_verify
[2026-03-13 02:41:13] password_verify succeeded
[2026-03-13 02:41:13] Login successful for smiran.kenneth; usertype=IT
[2026-03-13 02:45:43] Entered login() method. METHOD=POST POST=["txtUsername","txtPassword","btnLogin"]
[2026-03-13 02:45:43] Attempt login for username='admin'
[2026-03-13 02:45:43] findByUsername returned: FOUND
[2026-03-13 02:45:43] Stored password appears plain; performing direct compare (legacy)
[2026-03-13 02:45:43] Plaintext compare succeeded
[2026-03-13 02:45:43] Login successful for admin; usertype=ADMIN
[2026-03-13 02:47:51] Entered login() method. METHOD=POST POST=["txtUsername","txtPassword","btnLogin"]
[2026-03-13 02:47:51] Attempt login for username='smiran.kenneth'
[2026-03-13 02:47:51] findByUsername returned: FOUND
[2026-03-13 02:47:51] Stored password appears hashed; using password_verify
[2026-03-13 02:47:51] password_verify succeeded
[2026-03-13 02:47:51] Login successful for smiran.kenneth; usertype=IT
[2026-03-13 02:59:00] Entered login() method. METHOD=POST POST=["txtUsername","txtPassword","btnLogin"]
[2026-03-13 02:59:00] Attempt login for username='admin'
[2026-03-13 02:59:00] findByUsername returned: FOUND
[2026-03-13 02:59:00] Stored password appears plain; performing direct compare (legacy)
[2026-03-13 02:59:00] Plaintext compare succeeded
[2026-03-13 02:59:00] Login successful for admin; usertype=ADMIN
[2026-03-13 03:02:36] Entered login() method. METHOD=POST POST=["txtUsername","txtPassword","btnLogin"]
[2026-03-13 03:02:36] Attempt login for username='smiran.kenneth'
[2026-03-13 03:02:36] findByUsername returned: FOUND
[2026-03-13 03:02:36] Stored password appears hashed; using password_verify
[2026-03-13 03:02:36] password_verify succeeded
[2026-03-13 03:02:36] Login successful for smiran.kenneth; usertype=IT
[2026-03-13 03:07:19] Entered login() method. METHOD=POST POST=["txtUsername","txtPassword","btnLogin"]
[2026-03-13 03:07:19] Attempt login for username='smiran.head'
[2026-03-13 03:07:19] findByUsername returned: FOUND
[2026-03-13 03:07:19] Stored password appears hashed; using password_verify
[2026-03-13 03:07:19] password_verify succeeded
[2026-03-13 03:07:19] Login successful for smiran.head; usertype=HEAD
[2026-03-13 03:08:43] Entered login() method. METHOD=POST POST=["txtUsername","txtPassword","btnLogin"]
[2026-03-13 03:08:43] Attempt login for username='smiran.head'
[2026-03-13 03:08:43] findByUsername returned: FOUND
[2026-03-13 03:08:43] Stored password appears hashed; using password_verify
[2026-03-13 03:08:43] password_verify succeeded
[2026-03-13 03:08:43] Login successful for smiran.head; usertype=HEAD
[2026-03-13 03:09:14] Entered login() method. METHOD=POST POST=["txtUsername","txtPassword","btnLogin"]
[2026-03-13 03:09:14] Attempt login for username='smiran.kenneth'
[2026-03-13 03:09:14] findByUsername returned: FOUND
[2026-03-13 03:09:14] Stored password appears hashed; using password_verify
[2026-03-13 03:09:14] password_verify succeeded
[2026-03-13 03:09:14] Login successful for smiran.kenneth; usertype=IT
[2026-03-13 03:10:29] Entered login() method. METHOD=POST POST=["txtUsername","txtPassword","btnLogin"]
[2026-03-13 03:10:29] Attempt login for username='sm.head'
[2026-03-13 03:10:29] findByUsername returned: NOT FOUND
[2026-03-13 03:10:29] Login failed for sm.head — redirecting back to /login
[2026-03-13 03:10:40] Entered login() method. METHOD=POST POST=["txtUsername","txtPassword","btnLogin"]
[2026-03-13 03:10:40] Attempt login for username='smiran.head'
[2026-03-13 03:10:40] findByUsername returned: FOUND
[2026-03-13 03:10:40] Stored password appears hashed; using password_verify
[2026-03-13 03:10:40] password_verify succeeded
[2026-03-13 03:10:40] Login successful for smiran.head; usertype=HEAD
[2026-03-13 03:12:57] Entered login() method. METHOD=POST POST=["txtUsername","txtPassword","btnLogin"]
[2026-03-13 03:12:57] Attempt login for username='smiran.kenneth'
[2026-03-13 03:12:57] findByUsername returned: FOUND
[2026-03-13 03:12:57] Stored password appears hashed; using password_verify
[2026-03-13 03:12:57] password_verify succeeded
[2026-03-13 03:12:57] Login successful for smiran.kenneth; usertype=IT
[2026-03-13 03:13:10] Entered login() method. METHOD=POST POST=["txtUsername","txtPassword","btnLogin"]
[2026-03-13 03:13:10] Attempt login for username='admin'
[2026-03-13 03:13:10] findByUsername returned: FOUND
[2026-03-13 03:13:10] Stored password appears plain; performing direct compare (legacy)
[2026-03-13 03:13:10] Plaintext compare succeeded
[2026-03-13 03:13:10] Login successful for admin; usertype=ADMIN
[2026-03-13 03:14:37] Entered login() method. METHOD=POST POST=["txtUsername","txtPassword","btnLogin"]
[2026-03-13 03:14:37] Attempt login for username='smiran.rolandjosh'
[2026-03-13 03:14:37] findByUsername returned: FOUND
[2026-03-13 03:14:37] Stored password appears plain; performing direct compare (legacy)
[2026-03-13 03:14:37] Plaintext compare succeeded
[2026-03-13 03:14:37] Login successful for smiran.rolandjosh; usertype=EMPLOYEE
[2026-03-13 03:15:11] Entered login() method. METHOD=POST POST=["txtUsername","txtPassword","btnLogin"]
[2026-03-13 03:15:11] Attempt login for username='smiran.head'
[2026-03-13 03:15:11] findByUsername returned: FOUND
[2026-03-13 03:15:11] Stored password appears hashed; using password_verify
[2026-03-13 03:15:11] password_verify succeeded
[2026-03-13 03:15:11] Login successful for smiran.head; usertype=HEAD
[2026-03-13 03:25:28] Entered login() method. METHOD=POST POST=["txtUsername","txtPassword","btnLogin"]
[2026-03-13 03:25:28] Attempt login for username='admin'
[2026-03-13 03:25:28] findByUsername returned: FOUND
[2026-03-13 03:25:28] Stored password appears plain; performing direct compare (legacy)
[2026-03-13 03:25:28] Plaintext compare succeeded
[2026-03-13 03:25:28] Login successful for admin; usertype=ADMIN
[2026-03-13 03:25:46] Entered login() method. METHOD=POST POST=["txtUsername","txtPassword","btnLogin"]
[2026-03-13 03:25:46] Attempt login for username='smiran.kenneth'
[2026-03-13 03:25:46] findByUsername returned: FOUND
[2026-03-13 03:25:46] Stored password appears hashed; using password_verify
[2026-03-13 03:25:46] password_verify succeeded
[2026-03-13 03:25:46] Login successful for smiran.kenneth; usertype=IT
[2026-03-13 03:27:01] Entered login() method. METHOD=GET POST=[]
[2026-03-13 03:27:01] Not POST request — redirecting to /login
[2026-03-14 03:25:41] Entered login() method. METHOD=GET POST=[]
[2026-03-14 03:25:41] Not POST request — redirecting to /login
[2026-03-14 03:57:59] Entered login() method. METHOD=GET POST=[]
[2026-03-14 03:57:59] Not POST request — redirecting to /login
[2026-03-15 03:26:19] Entered login() method. METHOD=GET POST=[]
[2026-03-15 03:26:19] Not POST request — redirecting to /login
[2026-03-16 03:24:11] Entered login() method. METHOD=GET POST=[]
[2026-03-16 03:24:11] Not POST request — redirecting to /login
[2026-03-16 04:35:13] Entered login() method. METHOD=POST POST=["txtUsername","txtPassword","btnLogin"]
[2026-03-16 04:35:13] Attempt login for username='admin'
[2026-03-16 04:35:13] findByUsername returned: FOUND
[2026-03-16 04:35:13] Stored password appears plain; performing direct compare (legacy)
[2026-03-16 04:35:13] Plaintext compare succeeded
[2026-03-16 04:35:13] Login successful for admin; usertype=ADMIN
[2026-03-16 04:36:27] Entered login() method. METHOD=POST POST=["txtUsername","txtPassword","btnLogin"]
[2026-03-16 04:36:27] Attempt login for username='smiran.kenneth'
[2026-03-16 04:36:27] findByUsername returned: FOUND
[2026-03-16 04:36:27] Stored password appears hashed; using password_verify
[2026-03-16 04:36:27] password_verify succeeded
[2026-03-16 04:36:27] Login successful for smiran.kenneth; usertype=IT
[2026-03-17 00:52:33] Entered login() method. METHOD=POST POST=["txtUsername","txtPassword","btnLogin"]
[2026-03-17 00:52:33] Attempt login for username='smiran.kenneth'
[2026-03-17 00:52:33] findByUsername returned: FOUND
[2026-03-17 00:52:33] Stored password appears hashed; using password_verify
[2026-03-17 00:52:33] password_verify succeeded
[2026-03-17 00:52:33] Login successful for smiran.kenneth; usertype=IT
[2026-03-17 00:53:17] Entered login() method. METHOD=POST POST=["txtUsername","txtPassword","btnLogin"]
[2026-03-17 00:53:17] Attempt login for username='sm.rolandjosh'
[2026-03-17 00:53:17] findByUsername returned: NOT FOUND
[2026-03-17 00:53:17] Login failed for sm.rolandjosh — redirecting back to /login
[2026-03-17 00:53:29] Entered login() method. METHOD=POST POST=["txtUsername","txtPassword","btnLogin"]
[2026-03-17 00:53:29] Attempt login for username='smiran.rolandjosh'
[2026-03-17 00:53:29] findByUsername returned: FOUND
[2026-03-17 00:53:29] Stored password appears plain; performing direct compare (legacy)
[2026-03-17 00:53:29] Plaintext compare succeeded
[2026-03-17 00:53:29] Login successful for smiran.rolandjosh; usertype=EMPLOYEE
[2026-03-17 00:57:37] Entered login() method. METHOD=POST POST=["txtUsername","txtPassword","btnLogin"]
[2026-03-17 00:57:37] Attempt login for username='admin'
[2026-03-17 00:57:37] findByUsername returned: FOUND
[2026-03-17 00:57:37] Stored password appears plain; performing direct compare (legacy)
[2026-03-17 00:57:37] Plaintext compare succeeded
[2026-03-17 00:57:37] Login successful for admin; usertype=ADMIN
[2026-03-17 00:58:00] Entered login() method. METHOD=POST POST=["txtUsername","txtPassword","btnLogin"]
[2026-03-17 00:58:00] Attempt login for username='smiran.rolandjosh'
[2026-03-17 00:58:00] findByUsername returned: FOUND
[2026-03-17 00:58:00] Stored password appears plain; performing direct compare (legacy)
[2026-03-17 00:58:00] Plaintext compare succeeded
[2026-03-17 00:58:00] Login successful for smiran.rolandjosh; usertype=EMPLOYEE
[2026-03-17 01:17:46] Entered login() method. METHOD=POST POST=["txtUsername","txtPassword","btnLogin"]
[2026-03-17 01:17:46] Attempt login for username='admin'
[2026-03-17 01:17:46] findByUsername returned: FOUND
[2026-03-17 01:17:46] Stored password appears plain; performing direct compare (legacy)
[2026-03-17 01:17:46] Plaintext compare succeeded
[2026-03-17 01:17:46] Login successful for admin; usertype=ADMIN
[2026-03-17 01:20:35] Entered login() method. METHOD=POST POST=["txtUsername","txtPassword","btnLogin"]
[2026-03-17 01:20:35] Attempt login for username='admin'
[2026-03-17 01:20:35] findByUsername returned: FOUND
[2026-03-17 01:20:35] Stored password appears plain; performing direct compare (legacy)
[2026-03-17 01:20:35] Plaintext compare succeeded
[2026-03-17 01:20:35] Login successful for admin; usertype=ADMIN
[2026-03-17 01:21:09] Entered login() method. METHOD=POST POST=["txtUsername","txtPassword","btnLogin"]
[2026-03-17 01:21:09] Attempt login for username='smiran.rolandjosh'
[2026-03-17 01:21:09] findByUsername returned: FOUND
[2026-03-17 01:21:09] Stored password appears plain; performing direct compare (legacy)
[2026-03-17 01:21:09] Plaintext compare succeeded
[2026-03-17 01:21:09] Login successful for smiran.rolandjosh; usertype=EMPLOYEE
[2026-03-17 01:22:20] Entered login() method. METHOD=POST POST=["txtUsername","txtPassword","btnLogin"]
[2026-03-17 01:22:20] Attempt login for username='admin'
[2026-03-17 01:22:20] findByUsername returned: FOUND
[2026-03-17 01:22:20] Stored password appears plain; performing direct compare (legacy)
[2026-03-17 01:22:20] Plaintext compare succeeded
[2026-03-17 01:22:20] Login successful for admin; usertype=ADMIN
[2026-03-17 01:23:02] Entered login() method. METHOD=POST POST=["txtUsername","txtPassword","btnLogin"]
[2026-03-17 01:23:02] Attempt login for username='admin'
[2026-03-17 01:23:02] findByUsername returned: FOUND
[2026-03-17 01:23:02] Stored password appears plain; performing direct compare (legacy)
[2026-03-17 01:23:02] Plaintext compare succeeded
[2026-03-17 01:23:02] Login successful for admin; usertype=ADMIN
[2026-03-17 01:26:51] Entered login() method. METHOD=POST POST=["txtUsername","txtPassword","btnLogin"]
[2026-03-17 01:26:51] Attempt login for username='smiran.head'
[2026-03-17 01:26:51] findByUsername returned: FOUND
[2026-03-17 01:26:51] Stored password appears hashed; using password_verify
[2026-03-17 01:26:51] password_verify succeeded
[2026-03-17 01:26:51] Login successful for smiran.head; usertype=HEAD
[2026-03-17 01:29:53] Entered login() method. METHOD=POST POST=["txtUsername","txtPassword","btnLogin"]
[2026-03-17 01:29:53] Attempt login for username='admin'
[2026-03-17 01:29:53] findByUsername returned: FOUND
[2026-03-17 01:29:53] Stored password appears plain; performing direct compare (legacy)
[2026-03-17 01:29:53] Plaintext compare succeeded
[2026-03-17 01:29:53] Login successful for admin; usertype=ADMIN
[2026-03-17 03:26:01] Entered login() method. METHOD=GET POST=[]
[2026-03-17 03:26:01] Not POST request — redirecting to /login
[2026-03-18 03:24:47] Entered login() method. METHOD=GET POST=[]
[2026-03-18 03:24:47] Not POST request — redirecting to /login
[2026-03-19 03:24:20] Entered login() method. METHOD=GET POST=[]
[2026-03-19 03:24:20] Not POST request — redirecting to /login
[2026-03-19 04:42:14] Entered login() method. METHOD=GET POST=[]
[2026-03-19 04:42:14] Not POST request — redirecting to /login
[2026-03-20 03:24:07] Entered login() method. METHOD=GET POST=[]
[2026-03-20 03:24:07] Not POST request — redirecting to /login
[2026-03-21 04:12:53] Entered login() method. METHOD=GET POST=[]
[2026-03-21 04:12:53] Not POST request — redirecting to /login
[2026-03-22 00:11:38] Entered login() method. METHOD=GET POST=[]
[2026-03-22 00:11:38] Not POST request — redirecting to /login
[2026-03-22 00:11:58] Entered login() method. METHOD=GET POST=[]
[2026-03-22 00:11:58] Not POST request — redirecting to /login
[2026-03-22 03:28:54] Entered login() method. METHOD=GET POST=[]
[2026-03-22 03:28:54] Not POST request — redirecting to /login
[2026-03-22 22:16:46] Entered login() method. METHOD=POST POST=["txtUsername","txtPassword","btnLogin"]
[2026-03-22 22:16:46] Attempt login for username='smiran.kenneth'
[2026-03-22 22:16:46] findByUsername returned: FOUND
[2026-03-22 22:16:46] Stored password appears hashed; using password_verify
[2026-03-22 22:16:46] password_verify succeeded
[2026-03-22 22:16:46] Login successful for smiran.kenneth; usertype=IT
[2026-03-22 22:24:12] Entered login() method. METHOD=POST POST=["txtUsername","txtPassword","btnLogin"]
[2026-03-22 22:24:12] Attempt login for username='smiran.rolandjosh'
[2026-03-22 22:24:12] findByUsername returned: FOUND
[2026-03-22 22:24:12] Stored password appears plain; performing direct compare (legacy)
[2026-03-22 22:24:12] Plaintext compare succeeded
[2026-03-22 22:24:12] Login successful for smiran.rolandjosh; usertype=EMPLOYEE
[2026-03-22 22:25:35] Entered login() method. METHOD=POST POST=["txtUsername","txtPassword","btnLogin"]
[2026-03-22 22:25:35] Attempt login for username='admin'
[2026-03-22 22:25:35] findByUsername returned: FOUND
[2026-03-22 22:25:35] Stored password appears plain; performing direct compare (legacy)
[2026-03-22 22:25:35] Plaintext compare succeeded
[2026-03-22 22:25:35] Login successful for admin; usertype=ADMIN
[2026-03-23 00:50:53] Entered login() method. METHOD=POST POST=["txtUsername","txtPassword","btnLogin"]
[2026-03-23 00:50:53] Attempt login for username='admin'
[2026-03-23 00:50:53] findByUsername returned: FOUND
[2026-03-23 00:50:53] Stored password appears plain; performing direct compare (legacy)
[2026-03-23 00:50:53] Plaintext compare succeeded
[2026-03-23 00:50:53] Login successful for admin; usertype=ADMIN
[2026-03-23 00:57:14] Entered login() method. METHOD=POST POST=["txtUsername","txtPassword","btnLogin"]
[2026-03-23 00:57:14] Attempt login for username='smiran.head'
[2026-03-23 00:57:14] findByUsername returned: FOUND
[2026-03-23 00:57:14] Stored password appears hashed; using password_verify
[2026-03-23 00:57:14] password_verify succeeded
[2026-03-23 00:57:14] Login successful for smiran.head; usertype=HEAD
[2026-03-23 00:58:44] Entered login() method. METHOD=POST POST=["txtUsername","txtPassword","btnLogin"]
[2026-03-23 00:58:44] Attempt login for username='admin'
[2026-03-23 00:58:44] findByUsername returned: FOUND
[2026-03-23 00:58:44] Stored password appears plain; performing direct compare (legacy)
[2026-03-23 00:58:44] Plaintext compare succeeded
[2026-03-23 00:58:44] Login successful for admin; usertype=ADMIN
[2026-03-23 01:00:08] Entered login() method. METHOD=POST POST=["txtUsername","txtPassword","btnLogin"]
[2026-03-23 01:00:08] Attempt login for username='smiran.rolandjosh'
[2026-03-23 01:00:08] findByUsername returned: FOUND
[2026-03-23 01:00:08] Stored password appears plain; performing direct compare (legacy)
[2026-03-23 01:00:08] Plaintext compare succeeded
[2026-03-23 01:00:08] Login successful for smiran.rolandjosh; usertype=EMPLOYEE
[2026-03-23 01:01:04] Entered login() method. METHOD=POST POST=["txtUsername","txtPassword","btnLogin"]
[2026-03-23 01:01:04] Attempt login for username='admin'
[2026-03-23 01:01:04] findByUsername returned: FOUND
[2026-03-23 01:01:04] Stored password appears plain; performing direct compare (legacy)
[2026-03-23 01:01:04] Plaintext compare succeeded
[2026-03-23 01:01:04] Login successful for admin; usertype=ADMIN
[2026-03-23 01:37:24] Entered login() method. METHOD=POST POST=["txtUsername","txtPassword","btnLogin"]
[2026-03-23 01:37:24] Attempt login for username='admin'
[2026-03-23 01:37:24] findByUsername returned: FOUND
[2026-03-23 01:37:24] Stored password appears plain; performing direct compare (legacy)
[2026-03-23 01:37:24] Plaintext compare succeeded
[2026-03-23 01:37:24] Login successful for admin; usertype=ADMIN
[2026-03-23 01:38:43] Entered login() method. METHOD=POST POST=["txtUsername","txtPassword","btnLogin"]
[2026-03-23 01:38:43] Attempt login for username='admin2'
[2026-03-23 01:38:43] findByUsername returned: NOT FOUND
[2026-03-23 01:38:43] Login failed for admin2 — redirecting back to /login
[2026-03-23 01:38:54] Entered login() method. METHOD=POST POST=["txtUsername","txtPassword","btnLogin"]
[2026-03-23 01:38:54] Attempt login for username='admin2'
[2026-03-23 01:38:54] findByUsername returned: NOT FOUND
[2026-03-23 01:38:54] Login failed for admin2 — redirecting back to /login
[2026-03-23 01:39:02] Entered login() method. METHOD=POST POST=["txtUsername","txtPassword","btnLogin"]
[2026-03-23 01:39:02] Attempt login for username='admin'
[2026-03-23 01:39:02] findByUsername returned: FOUND
[2026-03-23 01:39:02] Stored password appears plain; performing direct compare (legacy)
[2026-03-23 01:39:02] Plaintext compare failed
[2026-03-23 01:39:02] Login failed for admin — redirecting back to /login
[2026-03-23 01:39:29] Entered login() method. METHOD=POST POST=["txtUsername","txtPassword","btnLogin"]
[2026-03-23 01:39:29] Attempt login for username='Kennth'
[2026-03-23 01:39:29] findByUsername returned: NOT FOUND
[2026-03-23 01:39:29] Login failed for Kennth — redirecting back to /login
[2026-03-23 01:39:42] Entered login() method. METHOD=POST POST=["txtUsername","txtPassword","btnLogin"]
[2026-03-23 01:39:42] Attempt login for username='admin2'
[2026-03-23 01:39:42] findByUsername returned: NOT FOUND
[2026-03-23 01:39:42] Login failed for admin2 — redirecting back to /login
[2026-03-23 01:39:54] Entered login() method. METHOD=POST POST=["txtUsername","txtPassword","btnLogin"]
[2026-03-23 01:39:54] Attempt login for username='Kenneth'
[2026-03-23 01:39:54] findByUsername returned: FOUND
[2026-03-23 01:39:54] Stored password appears hashed; using password_verify
[2026-03-23 01:39:54] password_verify succeeded
[2026-03-23 01:39:54] Login successful for Kenneth; usertype=ADMIN
[2026-03-23 03:27:35] Entered login() method. METHOD=GET POST=[]
[2026-03-23 03:27:35] Not POST request — redirecting to /login
[2026-03-23 03:35:33] Entered login() method. METHOD=POST POST=["txtUsername","txtPassword","btnLogin"]
[2026-03-23 03:35:33] Attempt login for username='admin'
[2026-03-23 03:35:33] findByUsername returned: FOUND
[2026-03-23 03:35:33] Stored password appears plain; performing direct compare (legacy)
[2026-03-23 03:35:33] Plaintext compare succeeded
[2026-03-23 03:35:33] Login successful for admin; usertype=ADMIN
[2026-03-23 19:57:47] Entered login() method. METHOD=POST POST=["txtUsername","txtPassword","btnLogin"]
[2026-03-23 19:57:47] Attempt login for username='Kenneth'
[2026-03-23 19:57:47] findByUsername returned: FOUND
[2026-03-23 19:57:47] Stored password appears hashed; using password_verify
[2026-03-23 19:57:48] password_verify succeeded
[2026-03-23 19:57:48] Login successful for Kenneth; usertype=ADMIN
[2026-03-23 23:21:30] Entered login() method. METHOD=POST POST=["txtUsername","txtPassword","btnLogin"]
[2026-03-23 23:21:30] Attempt login for username='Kenneth'
[2026-03-23 23:21:30] findByUsername returned: NOT FOUND
[2026-03-23 23:21:30] Login failed for Kenneth — redirecting back to /login
[2026-03-23 23:21:42] Entered login() method. METHOD=POST POST=["txtUsername","txtPassword","btnLogin"]
[2026-03-23 23:21:42] Attempt login for username='Kenneth'
[2026-03-23 23:21:42] findByUsername returned: NOT FOUND
[2026-03-23 23:21:42] Login failed for Kenneth — redirecting back to /login
[2026-03-23 23:22:15] Entered login() method. METHOD=POST POST=["txtUsername","txtPassword","btnLogin"]
[2026-03-23 23:22:15] Attempt login for username='kennethdador'
[2026-03-23 23:22:15] findByUsername returned: FOUND
[2026-03-23 23:22:15] Stored password appears hashed; using password_verify
[2026-03-23 23:22:15] password_verify failed
[2026-03-23 23:22:15] Login failed for kennethdador — redirecting back to /login
[2026-03-23 23:22:26] Entered login() method. METHOD=POST POST=["txtUsername","txtPassword","btnLogin"]
[2026-03-23 23:22:26] Attempt login for username='kennethdador'
[2026-03-23 23:22:26] findByUsername returned: FOUND
[2026-03-23 23:22:26] Stored password appears hashed; using password_verify
[2026-03-23 23:22:26] password_verify failed
[2026-03-23 23:22:26] Login failed for kennethdador — redirecting back to /login
[2026-03-24 00:04:02] Entered login() method. METHOD=POST POST=["txtUsername","txtPassword","btnLogin"]
[2026-03-24 00:04:02] Attempt login for username='Kenneth'
[2026-03-24 00:04:02] findByUsername returned: NOT FOUND
[2026-03-24 00:04:02] Login failed for Kenneth — redirecting back to /login
[2026-03-24 00:04:12] Entered login() method. METHOD=POST POST=["txtUsername","txtPassword","btnLogin"]
[2026-03-24 00:04:12] Attempt login for username='Kenneth'
[2026-03-24 00:04:12] findByUsername returned: NOT FOUND
[2026-03-24 00:04:12] Login failed for Kenneth — redirecting back to /login
[2026-03-24 03:29:37] Entered login() method. METHOD=GET POST=[]
[2026-03-24 03:29:37] Not POST request — redirecting to /login
[2026-03-24 04:14:26] Entered login() method. METHOD=POST POST=["txtUsername","txtPassword","btnLogin"]
[2026-03-24 04:14:26] Attempt login for username='Kenneth'
[2026-03-24 04:14:26] findByUsername returned: NOT FOUND
[2026-03-24 04:14:26] Login failed for Kenneth — redirecting back to /login
[2026-03-24 04:14:49] Entered login() method. METHOD=POST POST=["txtUsername","txtPassword","btnLogin"]
[2026-03-24 04:14:49] Attempt login for username='Kenneth'
[2026-03-24 04:14:49] findByUsername returned: NOT FOUND
[2026-03-24 04:14:49] Login failed for Kenneth — redirecting back to /login
[2026-03-24 04:17:51] Entered login() method. METHOD=POST POST=["txtUsername","txtPassword","btnLogin"]
[2026-03-24 04:17:51] Attempt login for username='kennethdador'
[2026-03-24 04:17:51] findByUsername returned: FOUND
[2026-03-24 04:17:51] Stored password appears hashed; using password_verify
[2026-03-24 04:17:51] password_verify failed
[2026-03-24 04:17:51] Login failed for kennethdador — redirecting back to /login
[2026-03-24 04:18:20] Entered login() method. METHOD=POST POST=["txtUsername","txtPassword","btnLogin"]
[2026-03-24 04:18:20] Attempt login for username='kennethdador'
[2026-03-24 04:18:20] findByUsername returned: FOUND
[2026-03-24 04:18:20] Stored password appears hashed; using password_verify
[2026-03-24 04:18:21] password_verify failed
[2026-03-24 04:18:21] Login failed for kennethdador — redirecting back to /login
[2026-03-24 04:18:39] Entered login() method. METHOD=POST POST=["txtUsername","txtPassword","btnLogin"]
[2026-03-24 04:18:39] Attempt login for username='kennethdador'
[2026-03-24 04:18:39] findByUsername returned: FOUND
[2026-03-24 04:18:39] Stored password appears hashed; using password_verify
[2026-03-24 04:18:39] password_verify failed
[2026-03-24 04:18:39] Login failed for kennethdador — redirecting back to /login
[2026-03-24 04:19:03] Entered login() method. METHOD=POST POST=["txtUsername","txtPassword","btnLogin"]
[2026-03-24 04:19:03] Attempt login for username='admin'
[2026-03-24 04:19:03] findByUsername returned: FOUND
[2026-03-24 04:19:03] Stored password appears plain; performing direct compare (legacy)
[2026-03-24 04:19:03] Plaintext compare succeeded
[2026-03-24 04:19:03] Login successful for admin; usertype=ADMIN
[2026-03-24 04:19:57] Entered login() method. METHOD=POST POST=["txtUsername","txtPassword","btnLogin"]
[2026-03-24 04:19:57] Attempt login for username='kennethdador'
[2026-03-24 04:19:57] findByUsername returned: FOUND
[2026-03-24 04:19:57] Stored password appears hashed; using password_verify
[2026-03-24 04:19:57] password_verify succeeded
[2026-03-24 04:19:57] Login successful for kennethdador; usertype=ADMIN
[2026-03-24 20:45:32] Entered login() method. METHOD=POST POST=["txtUsername","txtPassword","btnLogin"]
[2026-03-24 20:45:32] Attempt login for username='ken'
[2026-03-24 20:45:32] findByUsername returned: NOT FOUND
[2026-03-24 20:45:32] Login failed for ken — redirecting back to /login
[2026-03-24 20:45:48] Entered login() method. METHOD=POST POST=["txtUsername","txtPassword","btnLogin"]
[2026-03-24 20:45:48] Attempt login for username='storagemart.kennethdador@gmail.com'
[2026-03-24 20:45:48] findByUsername returned: FOUND
[2026-03-24 20:45:48] Stored password appears hashed; using password_verify
[2026-03-24 20:45:48] password_verify failed
[2026-03-24 20:45:48] Login failed for storagemart.kennethdador@gmail.com — redirecting back to /login
[2026-03-24 20:46:16] Entered login() method. METHOD=POST POST=["txtUsername","txtPassword","btnLogin"]
[2026-03-24 20:46:16] Attempt login for username='admin'
[2026-03-24 20:46:16] findByUsername returned: FOUND
[2026-03-24 20:46:16] Stored password appears plain; performing direct compare (legacy)
[2026-03-24 20:46:16] Plaintext compare succeeded
[2026-03-24 20:46:16] Login successful for admin; usertype=ADMIN
[2026-03-24 20:48:19] Entered login() method. METHOD=POST POST=["txtUsername","txtPassword","btnLogin"]
[2026-03-24 20:48:19] Attempt login for username='kennethcloresdador'
[2026-03-24 20:48:19] findByUsername returned: NOT FOUND
[2026-03-24 20:48:19] Login failed for kennethcloresdador — redirecting back to /login
[2026-03-24 20:49:50] Entered login() method. METHOD=POST POST=["txtUsername","txtPassword","btnLogin"]
[2026-03-24 20:49:50] Attempt login for username='admin'
[2026-03-24 20:49:50] findByUsername returned: FOUND
[2026-03-24 20:49:50] Stored password appears plain; performing direct compare (legacy)
[2026-03-24 20:49:50] Plaintext compare succeeded
[2026-03-24 20:49:50] Login successful for admin; usertype=ADMIN
[2026-03-24 21:00:41] Entered login() method. METHOD=POST POST=["txtUsername","txtPassword","btnLogin"]
[2026-03-24 21:00:41] Attempt login for username='admin'
[2026-03-24 21:00:41] findByUsername returned: FOUND
[2026-03-24 21:00:41] Stored password appears plain; performing direct compare (legacy)
[2026-03-24 21:00:41] Plaintext compare succeeded
[2026-03-24 21:00:41] Login successful for admin; usertype=ADMIN
[2026-03-24 21:11:14] Entered login() method. METHOD=POST POST=["txtUsername","txtPassword","btnLogin"]
[2026-03-24 21:11:14] Attempt login for username='admin'
[2026-03-24 21:11:14] findByUsername returned: FOUND
[2026-03-24 21:11:14] Stored password appears plain; performing direct compare (legacy)
[2026-03-24 21:11:14] Plaintext compare succeeded
[2026-03-24 21:11:14] Login successful for admin; usertype=ADMIN
[2026-03-24 22:10:00] Entered login() method. METHOD=POST POST=["txtUsername","txtPassword","btnLogin"]
[2026-03-24 22:10:00] Attempt login for username='admin'
[2026-03-24 22:10:00] findByUsername returned: FOUND
[2026-03-24 22:10:00] Stored password appears plain; performing direct compare (legacy)
[2026-03-24 22:10:00] Plaintext compare succeeded
[2026-03-24 22:10:00] Login successful for admin; usertype=ADMIN
[2026-03-24 22:25:56] Entered login() method. METHOD=POST POST=["txtUsername","txtPassword","btnLogin"]
[2026-03-24 22:25:56] Attempt login for username='smiran.rolandjosh'
[2026-03-24 22:25:56] findByUsername returned: FOUND
[2026-03-24 22:25:56] Stored password appears plain; performing direct compare (legacy)
[2026-03-24 22:25:56] Plaintext compare succeeded
[2026-03-24 22:25:56] Login successful for smiran.rolandjosh; usertype=EMPLOYEE
[2026-03-24 22:27:10] Entered login() method. METHOD=POST POST=["txtUsername","txtPassword","btnLogin"]
[2026-03-24 22:27:10] Attempt login for username='smiran.kenneth'
[2026-03-24 22:27:10] findByUsername returned: FOUND
[2026-03-24 22:27:10] Stored password appears hashed; using password_verify
[2026-03-24 22:27:10] password_verify succeeded
[2026-03-24 22:27:10] Login successful for smiran.kenneth; usertype=IT
[2026-03-24 22:29:24] Entered login() method. METHOD=POST POST=["txtUsername","txtPassword","btnLogin"]
[2026-03-24 22:29:24] Attempt login for username='smiran.head'
[2026-03-24 22:29:24] findByUsername returned: FOUND
[2026-03-24 22:29:24] Stored password appears hashed; using password_verify
[2026-03-24 22:29:24] password_verify succeeded
[2026-03-24 22:29:24] Login successful for smiran.head; usertype=HEAD
[2026-03-25 02:16:11] Entered login() method. METHOD=POST POST=["txtUsername","txtPassword","btnLogin"]
[2026-03-25 02:16:11] Attempt login for username='admin'
[2026-03-25 02:16:11] findByUsername returned: FOUND
[2026-03-25 02:16:11] Stored password appears plain; performing direct compare (legacy)
[2026-03-25 02:16:11] Plaintext compare succeeded
[2026-03-25 02:16:11] Login successful for admin; usertype=ADMIN
[2026-03-25 03:27:31] Entered login() method. METHOD=GET POST=[]
[2026-03-25 03:27:31] Not POST request — redirecting to /login
[2026-03-25 21:08:45] Entered login() method. METHOD=POST POST=["txtUsername","txtPassword","btnLogin"]
[2026-03-25 21:08:45] Attempt login for username='admin'
[2026-03-25 21:08:45] findByUsername returned: FOUND
[2026-03-25 21:08:45] Stored password appears plain; performing direct compare (legacy)
[2026-03-25 21:08:45] Plaintext compare succeeded
[2026-03-25 21:08:45] Login successful for admin; usertype=ADMIN
[2026-03-26 01:05:49] Entered login() method. METHOD=POST POST=["txtUsername","txtPassword","btnLogin"]
[2026-03-26 01:05:49] Attempt login for username='admin'
[2026-03-26 01:05:49] findByUsername returned: FOUND
[2026-03-26 01:05:49] Stored password appears plain; performing direct compare (legacy)
[2026-03-26 01:05:49] Plaintext compare succeeded
[2026-03-26 01:05:49] Login successful for admin; usertype=ADMIN
[2026-03-26 01:06:27] Entered login() method. METHOD=POST POST=["txtUsername","txtPassword","btnLogin"]
[2026-03-26 01:06:27] Attempt login for username='storagemart.alvinsantos@gmail.com'
[2026-03-26 01:06:27] findByUsername returned: FOUND
[2026-03-26 01:06:27] Stored password appears hashed; using password_verify
[2026-03-26 01:06:27] password_verify succeeded
[2026-03-26 01:06:27] Login successful for storagemart.alvinsantos@gmail.com; usertype=EMPLOYEE
[2026-03-26 01:07:52] Entered login() method. METHOD=POST POST=["txtUsername","txtPassword","btnLogin"]
[2026-03-26 01:07:52] Attempt login for username='admin'
[2026-03-26 01:07:52] findByUsername returned: FOUND
[2026-03-26 01:07:52] Stored password appears plain; performing direct compare (legacy)
[2026-03-26 01:07:52] Plaintext compare succeeded
[2026-03-26 01:07:52] Login successful for admin; usertype=ADMIN
[2026-03-26 01:26:26] Entered login() method. METHOD=POST POST=["txtUsername","txtPassword","btnLogin"]
[2026-03-26 01:26:26] Attempt login for username='storagemart.alvinsantos@gmail.com'
[2026-03-26 01:26:26] findByUsername returned: FOUND
[2026-03-26 01:26:26] Stored password appears hashed; using password_verify
[2026-03-26 01:26:26] password_verify succeeded
[2026-03-26 01:26:26] Login successful for storagemart.alvinsantos@gmail.com; usertype=EMPLOYEE
[2026-03-26 01:27:28] Entered login() method. METHOD=POST POST=["txtUsername","txtPassword","btnLogin"]
[2026-03-26 01:27:28] Attempt login for username='admin'
[2026-03-26 01:27:28] findByUsername returned: FOUND
[2026-03-26 01:27:28] Stored password appears plain; performing direct compare (legacy)
[2026-03-26 01:27:28] Plaintext compare succeeded
[2026-03-26 01:27:28] Login successful for admin; usertype=ADMIN
[2026-03-26 01:46:27] Entered login() method. METHOD=POST POST=["txtUsername","txtPassword","btnLogin"]
[2026-03-26 01:46:27] Attempt login for username='admin'
[2026-03-26 01:46:27] findByUsername returned: FOUND
[2026-03-26 01:46:27] Stored password appears plain; performing direct compare (legacy)
[2026-03-26 01:46:27] Plaintext compare succeeded
[2026-03-26 01:46:27] Login successful for admin; usertype=ADMIN
[2026-03-26 01:47:48] Entered login() method. METHOD=POST POST=["txtUsername","txtPassword","btnLogin"]
[2026-03-26 01:47:48] Attempt login for username='storagemart.alvinsantos@gmail.com'
[2026-03-26 01:47:48] findByUsername returned: FOUND
[2026-03-26 01:47:48] Stored password appears hashed; using password_verify
[2026-03-26 01:47:48] password_verify succeeded
[2026-03-26 01:47:48] Login successful for storagemart.alvinsantos@gmail.com; usertype=EMPLOYEE
[2026-03-26 01:48:39] Entered login() method. METHOD=POST POST=["txtUsername","txtPassword","btnLogin"]
[2026-03-26 01:48:39] Attempt login for username='admin'
[2026-03-26 01:48:39] findByUsername returned: FOUND
[2026-03-26 01:48:39] Stored password appears plain; performing direct compare (legacy)
[2026-03-26 01:48:39] Plaintext compare succeeded
[2026-03-26 01:48:39] Login successful for admin; usertype=ADMIN
[2026-03-26 01:50:24] Entered login() method. METHOD=POST POST=["txtUsername","txtPassword","btnLogin"]
[2026-03-26 01:50:24] Attempt login for username='admin'
[2026-03-26 01:50:24] findByUsername returned: FOUND
[2026-03-26 01:50:24] Stored password appears plain; performing direct compare (legacy)
[2026-03-26 01:50:24] Plaintext compare succeeded
[2026-03-26 01:50:24] Login successful for admin; usertype=ADMIN
[2026-03-26 01:51:01] Entered login() method. METHOD=POST POST=["txtUsername","txtPassword","btnLogin"]
[2026-03-26 01:51:01] Attempt login for username='smiran.kenneth'
[2026-03-26 01:51:01] findByUsername returned: FOUND
[2026-03-26 01:51:01] Stored password appears hashed; using password_verify
[2026-03-26 01:51:01] password_verify succeeded
[2026-03-26 01:51:01] Login successful for smiran.kenneth; usertype=IT
[2026-03-26 01:53:39] Entered login() method. METHOD=POST POST=["txtUsername","txtPassword","btnLogin"]
[2026-03-26 01:53:39] Attempt login for username='storagemart.alvinsantos@gmail.com'
[2026-03-26 01:53:39] findByUsername returned: FOUND
[2026-03-26 01:53:39] Stored password appears hashed; using password_verify
[2026-03-26 01:53:39] password_verify succeeded
[2026-03-26 01:53:39] Login successful for storagemart.alvinsantos@gmail.com; usertype=EMPLOYEE
[2026-03-26 01:54:31] Entered login() method. METHOD=POST POST=["txtUsername","txtPassword","btnLogin"]
[2026-03-26 01:54:31] Attempt login for username='admin'
[2026-03-26 01:54:31] findByUsername returned: FOUND
[2026-03-26 01:54:31] Stored password appears plain; performing direct compare (legacy)
[2026-03-26 01:54:31] Plaintext compare succeeded
[2026-03-26 01:54:31] Login successful for admin; usertype=ADMIN
[2026-03-26 01:55:56] Entered login() method. METHOD=POST POST=["txtUsername","txtPassword","btnLogin"]
[2026-03-26 01:55:56] Attempt login for username='admin'
[2026-03-26 01:55:56] findByUsername returned: FOUND
[2026-03-26 01:55:56] Stored password appears plain; performing direct compare (legacy)
[2026-03-26 01:55:56] Plaintext compare succeeded
[2026-03-26 01:55:56] Login successful for admin; usertype=ADMIN
[2026-03-26 02:44:41] Entered login() method. METHOD=POST POST=["txtUsername","txtPassword","btnLogin"]
[2026-03-26 02:44:41] Attempt login for username='admin'
[2026-03-26 02:44:41] findByUsername returned: FOUND
[2026-03-26 02:44:41] Stored password appears plain; performing direct compare (legacy)
[2026-03-26 02:44:41] Plaintext compare succeeded
[2026-03-26 02:44:41] Login successful for admin; usertype=ADMIN
[2026-03-26 03:09:42] Entered login() method. METHOD=POST POST=["txtUsername","txtPassword","btnLogin"]
[2026-03-26 03:09:42] Attempt login for username='admin'
[2026-03-26 03:09:42] findByUsername returned: FOUND
[2026-03-26 03:09:42] Stored password appears plain; performing direct compare (legacy)
[2026-03-26 03:09:42] Plaintext compare succeeded
[2026-03-26 03:09:42] Login successful for admin; usertype=ADMIN
[2026-03-26 03:24:50] Entered login() method. METHOD=GET POST=[]
[2026-03-26 03:24:50] Not POST request — redirecting to /login
[2026-03-26 20:32:05] Entered login() method. METHOD=POST POST=["txtUsername","txtPassword","btnLogin"]
[2026-03-26 20:32:05] Attempt login for username='smiran.kenneth'
[2026-03-26 20:32:05] findByUsername returned: FOUND
[2026-03-26 20:32:05] Stored password appears hashed; using password_verify
[2026-03-26 20:32:05] password_verify succeeded
[2026-03-26 20:32:05] Login successful for smiran.kenneth; usertype=IT
[2026-03-27 03:22:11] Entered login() method. METHOD=POST POST=["txtUsername","txtPassword","btnLogin"]
[2026-03-27 03:22:11] Attempt login for username='smiran.kenneth'
[2026-03-27 03:22:11] findByUsername returned: FOUND
[2026-03-27 03:22:11] Stored password appears hashed; using password_verify
[2026-03-27 03:22:11] password_verify succeeded
[2026-03-27 03:22:11] Login successful for smiran.kenneth; usertype=IT
[2026-03-27 03:26:10] Entered login() method. METHOD=GET POST=[]
[2026-03-27 03:26:10] Not POST request — redirecting to /login
[2026-03-28 03:25:12] Entered login() method. METHOD=GET POST=[]
[2026-03-28 03:25:12] Not POST request — redirecting to /login
[2026-03-28 08:06:09] Entered login() method. METHOD=GET POST=[]
[2026-03-28 08:06:09] Not POST request — redirecting to /login
[2026-03-28 08:06:10] Entered login() method. METHOD=GET POST=[]
[2026-03-28 08:06:10] Not POST request — redirecting to /login
[2026-03-28 22:03:06] Entered login() method. METHOD=GET POST=[]
[2026-03-28 22:03:06] Not POST request — redirecting to /login
[2026-03-28 22:03:18] Entered login() method. METHOD=GET POST=[]
[2026-03-28 22:03:18] Not POST request — redirecting to /login
[2026-03-29 03:26:40] Entered login() method. METHOD=GET POST=[]
[2026-03-29 03:26:40] Not POST request — redirecting to /login
[2026-03-30 03:26:07] Entered login() method. METHOD=GET POST=[]
[2026-03-30 03:26:07] Not POST request — redirecting to /login
[2026-03-31 03:57:56] Entered login() method. METHOD=GET POST=[]
[2026-03-31 03:57:56] Not POST request — redirecting to /login
[2026-03-31 04:52:15] Entered login() method. METHOD=POST POST=["txtUsername","txtPassword","btnLogin"]
[2026-03-31 04:52:15] Attempt login for username='storagemart.kennethdador@gmail.com'
[2026-03-31 04:52:15] findByUsername returned: FOUND
[2026-03-31 04:52:15] Stored password appears hashed; using password_verify
[2026-03-31 04:52:15] password_verify failed
[2026-03-31 04:52:15] Login failed for storagemart.kennethdador@gmail.com — redirecting back to /login
[2026-03-31 04:52:32] Entered login() method. METHOD=POST POST=["txtUsername","txtPassword","btnLogin"]
[2026-03-31 04:52:32] Attempt login for username='storagemart.kennethdador@gmail.com'
[2026-03-31 04:52:32] findByUsername returned: FOUND
[2026-03-31 04:52:32] Stored password appears hashed; using password_verify
[2026-03-31 04:52:33] password_verify succeeded
[2026-03-31 04:52:33] Login successful for storagemart.kennethdador@gmail.com; usertype=ADMIN
[2026-03-31 04:54:46] Entered login() method. METHOD=POST POST=["txtUsername","txtPassword","btnLogin"]
[2026-03-31 04:54:46] Attempt login for username='storagemart.alexanderdulay@gmail.com'
[2026-03-31 04:54:46] findByUsername returned: FOUND
[2026-03-31 04:54:46] Stored password appears hashed; using password_verify
[2026-03-31 04:54:46] password_verify succeeded
[2026-03-31 04:54:46] Login successful for storagemart.alexanderdulay@gmail.com; usertype=EMPLOYEE
[2026-03-31 21:43:32] Entered login() method. METHOD=POST POST=["txtUsername","txtPassword","btnLogin"]
[2026-03-31 21:43:32] Attempt login for username='storagemart.kennethdador@gmail.com'
[2026-03-31 21:43:32] findByUsername returned: FOUND
[2026-03-31 21:43:32] Stored password appears hashed; using password_verify
[2026-03-31 21:43:32] password_verify succeeded
[2026-03-31 21:43:32] Login successful for storagemart.kennethdador@gmail.com; usertype=ADMIN
[2026-03-31 22:56:17] Entered login() method. METHOD=POST POST=["txtUsername","txtPassword","btnLogin"]
[2026-03-31 22:56:17] Attempt login for username='smiran.kenneth'
[2026-03-31 22:56:17] findByUsername returned: FOUND
[2026-03-31 22:56:17] Stored password appears hashed; using password_verify
[2026-03-31 22:56:17] password_verify succeeded
[2026-03-31 22:56:17] Login successful for smiran.kenneth; usertype=IT
[2026-04-01 01:58:46] Entered login() method. METHOD=POST POST=["txtUsername","txtPassword","btnLogin"]
[2026-04-01 01:58:46] Attempt login for username='smiran.kenneth'
[2026-04-01 01:58:46] findByUsername returned: FOUND
[2026-04-01 01:58:46] Stored password appears hashed; using password_verify
[2026-04-01 01:58:46] password_verify succeeded
[2026-04-01 01:58:46] Login successful for smiran.kenneth; usertype=IT
[2026-04-01 02:01:37] Entered login() method. METHOD=POST POST=["txtUsername","txtPassword","btnLogin"]
[2026-04-01 02:01:37] Attempt login for username='smiran.kenneth'
[2026-04-01 02:01:37] findByUsername returned: FOUND
[2026-04-01 02:01:37] Stored password appears hashed; using password_verify
[2026-04-01 02:01:37] password_verify succeeded
[2026-04-01 02:01:37] Login successful for smiran.kenneth; usertype=IT
[2026-04-01 03:11:43] Entered login() method. METHOD=POST POST=["txtUsername","txtPassword","btnLogin"]
[2026-04-01 03:11:43] Attempt login for username='admin'
[2026-04-01 03:11:43] findByUsername returned: FOUND
[2026-04-01 03:11:43] Stored password appears plain; performing direct compare (legacy)
[2026-04-01 03:11:43] Plaintext compare succeeded
[2026-04-01 03:11:43] Login successful for admin; usertype=ADMIN
[2026-04-01 03:12:43] Entered login() method. METHOD=POST POST=["txtUsername","txtPassword","btnLogin"]
[2026-04-01 03:12:43] Attempt login for username='admin'
[2026-04-01 03:12:43] findByUsername returned: FOUND
[2026-04-01 03:12:43] Stored password appears plain; performing direct compare (legacy)
[2026-04-01 03:12:43] Plaintext compare succeeded
[2026-04-01 03:12:43] Login successful for admin; usertype=ADMIN
[2026-04-01 04:40:47] Entered login() method. METHOD=GET POST=[]
[2026-04-01 04:40:47] Not POST request — redirecting to /login
[2026-04-02 04:12:34] Entered login() method. METHOD=GET POST=[]
[2026-04-02 04:12:34] Not POST request — redirecting to /login
[2026-04-03 19:25:20] Entered login() method. METHOD=GET POST=[]
[2026-04-03 19:25:20] Not POST request — redirecting to /login
[2026-04-03 19:25:20] Entered login() method. METHOD=POST POST=["btnLogin","txtPassword","txtUsername"]
[2026-04-03 19:25:20] Attempt login for username='lxbfYeaa'
[2026-04-03 19:25:20] findByUsername returned: NOT FOUND
[2026-04-03 19:25:20] Login failed for lxbfYeaa — redirecting back to /login
[2026-04-03 19:25:20] Entered login() method. METHOD=GET POST=[]
[2026-04-03 19:25:20] Not POST request — redirecting to /login
[2026-04-03 19:25:21] Entered login() method. METHOD=POST POST=["btnLogin","txtPassword","txtUsername"]
[2026-04-03 19:25:21] Attempt login for username='lxbfYeaa'
[2026-04-03 19:25:21] findByUsername returned: NOT FOUND
[2026-04-03 19:25:21] Login failed for lxbfYeaa — redirecting back to /login
[2026-04-03 19:25:21] Entered login() method. METHOD=GET POST=[]
[2026-04-03 19:25:21] Not POST request — redirecting to /login
[2026-04-03 19:25:22] Entered login() method. METHOD=POST POST=["btnLogin","txtPassword","txtUsername"]
[2026-04-03 19:25:22] Attempt login for username='lxbfYeaa'
[2026-04-03 19:25:22] findByUsername returned: NOT FOUND
[2026-04-03 19:25:22] Login failed for lxbfYeaa — redirecting back to /login
[2026-04-03 19:25:23] Entered login() method. METHOD=POST POST=["-1_OR_5*5","txtPassword","txtUsername"]
[2026-04-03 19:25:23] btnLogin not set in POST — possible form issue. POST={"-1_OR_5*5":"25 -- ","txtPassword":"u]H[ww6KrA9F.x-F","txtUsername":"lxbfYeaa"}
[2026-04-03 19:25:24] Entered login() method. METHOD=POST POST=["-1_OR_5*5","txtPassword","txtUsername"]
[2026-04-03 19:25:24] btnLogin not set in POST — possible form issue. POST={"-1_OR_5*5":"25","txtPassword":"u]H[ww6KrA9F.x-F","txtUsername":"lxbfYeaa"}
[2026-04-03 19:25:24] Entered login() method. METHOD=POST POST=["-1'_OR_5*5","txtPassword","txtUsername"]
[2026-04-03 19:25:24] btnLogin not set in POST — possible form issue. POST={"-1'_OR_5*5":"25 -- ","txtPassword":"u]H[ww6KrA9F.x-F","txtUsername":"lxbfYeaa"}
[2026-04-03 19:25:24] Entered login() method. METHOD=POST POST=["-1\"_OR_5*5","txtPassword","txtUsername"]
[2026-04-03 19:25:24] btnLogin not set in POST — possible form issue. POST={"-1\"_OR_5*5":"25 -- ","txtPassword":"u]H[ww6KrA9F.x-F","txtUsername":"lxbfYeaa"}
[2026-04-03 19:25:24] Entered login() method. METHOD=POST POST=["-1'_OR_5*5","txtPassword","txtUsername"]
[2026-04-03 19:25:24] btnLogin not set in POST — possible form issue. POST={"-1'_OR_5*5":"25 or 'QH4ygjHK'='","txtPassword":"u]H[ww6KrA9F.x-F","txtUsername":"lxbfYeaa"}
[2026-04-03 19:25:24] Entered login() method. METHOD=POST POST=["-1\"_OR_5*5","txtPassword","txtUsername"]
[2026-04-03 19:25:24] btnLogin not set in POST — possible form issue. POST={"-1\"_OR_5*5":"25 or \"h2IRLKJT\"=\"","txtPassword":"u]H[ww6KrA9F.x-F","txtUsername":"lxbfYeaa"}
[2026-04-03 19:25:26] Entered login() method. METHOD=POST POST=["if(now()","txtPassword","txtUsername"]
[2026-04-03 19:25:26] btnLogin not set in POST — possible form issue. POST={"if(now()":"sysdate(),sleep(15),0)","txtPassword":"u]H[ww6KrA9F.x-F","txtUsername":"lxbfYeaa"}
[2026-04-03 19:25:28] Entered login() method. METHOD=POST POST=["btnLogin","txtPassword","txtUsername"]
[2026-04-03 19:25:28] Attempt login for username='lxbfYeaa'
[2026-04-03 19:25:28] findByUsername returned: NOT FOUND
[2026-04-03 19:25:28] Login failed for lxbfYeaa — redirecting back to /login
[2026-04-03 19:25:30] Entered login() method. METHOD=POST POST=["btnLogin","txtPassword","txtUsername"]
[2026-04-03 19:25:30] Attempt login for username='lxbfYeaa'
[2026-04-03 19:25:30] findByUsername returned: NOT FOUND
[2026-04-03 19:25:30] Login failed for lxbfYeaa — redirecting back to /login
[2026-04-03 19:25:32] Entered login() method. METHOD=POST POST=["(select(0)from(select(sleep(15)))v)\/*'+(select(0)from(select(sleep(15)))v)+'\"+(select(0)from(select(sleep(15)))v)+\"*\/","txtPassword","txtUsername"]
[2026-04-03 19:25:32] btnLogin not set in POST — possible form issue. POST={"(select(0)from(select(sleep(15)))v)\/*'+(select(0)from(select(sleep(15)))v)+'\"+(select(0)from(select(sleep(15)))v)+\"*\/":"","txtPassword":"u]H[ww6KrA9F.x-F","txtUsername":"lxbfYeaa"}
[2026-04-03 19:25:33] Entered login() method. METHOD=POST POST=["btnLogin","txtPassword","txtUsername"]
[2026-04-03 19:25:33] Attempt login for username='lxbfYeaa'
[2026-04-03 19:25:33] findByUsername returned: NOT FOUND
[2026-04-03 19:25:33] Login failed for lxbfYeaa — redirecting back to /login
[2026-04-03 19:25:35] Entered login() method. METHOD=POST POST=["btnLogin","txtPassword","txtUsername"]
[2026-04-03 19:25:35] Attempt login for username='lxbfYeaa'
[2026-04-03 19:25:35] findByUsername returned: NOT FOUND
[2026-04-03 19:25:35] Login failed for lxbfYeaa — redirecting back to /login
[2026-04-03 19:25:37] Entered login() method. METHOD=POST POST=["btnLogin","txtPassword","txtUsername"]
[2026-04-03 19:25:37] Attempt login for username='lxbfYeaa'
[2026-04-03 19:25:37] findByUsername returned: NOT FOUND
[2026-04-03 19:25:37] Login failed for lxbfYeaa — redirecting back to /login
[2026-04-03 19:25:38] Entered login() method. METHOD=POST POST=["btnLogin","txtPassword","txtUsername"]
[2026-04-03 19:25:38] Attempt login for username='lxbfYeaa'
[2026-04-03 19:25:38] findByUsername returned: NOT FOUND
[2026-04-03 19:25:38] Login failed for lxbfYeaa — redirecting back to /login
[2026-04-03 19:25:40] Entered login() method. METHOD=POST POST=["btnLogin","txtPassword","txtUsername"]
[2026-04-03 19:25:40] Attempt login for username='lxbfYeaa'
[2026-04-03 19:25:40] findByUsername returned: NOT FOUND
[2026-04-03 19:25:40] Login failed for lxbfYeaa — redirecting back to /login
[2026-04-03 19:25:43] Entered login() method. METHOD=POST POST=["btnLogin","txtPassword","txtUsername"]
[2026-04-03 19:25:43] Attempt login for username='lxbfYeaa'
[2026-04-03 19:25:43] findByUsername returned: NOT FOUND
[2026-04-03 19:25:43] Login failed for lxbfYeaa — redirecting back to /login
[2026-04-03 19:25:43] Entered login() method. METHOD=POST POST=["btnLogin","txtPassword","txtUsername"]
[2026-04-03 19:25:43] Attempt login for username='lxbfYeaa'
[2026-04-03 19:25:43] findByUsername returned: NOT FOUND
[2026-04-03 19:25:43] Login failed for lxbfYeaa — redirecting back to /login
[2026-04-03 19:25:43] Entered login() method. METHOD=POST POST=["btnLogin","txtPassword","txtUsername"]
[2026-04-03 19:25:43] Attempt login for username='lxbfYeaa'
[2026-04-03 19:25:43] findByUsername returned: NOT FOUND
[2026-04-03 19:25:43] Login failed for lxbfYeaa — redirecting back to /login
[2026-04-03 19:25:43] Entered login() method. METHOD=POST POST=["btnLogin","txtPassword","txtUsername"]
[2026-04-03 19:25:43] Attempt login for username='lxbfYeaa'
[2026-04-03 19:25:43] findByUsername returned: NOT FOUND
[2026-04-03 19:25:43] Login failed for lxbfYeaa — redirecting back to /login
[2026-04-03 19:25:43] Entered login() method. METHOD=POST POST=["@@XbPar","txtPassword","txtUsername"]
[2026-04-03 19:25:43] btnLogin not set in POST — possible form issue. POST={"@@XbPar":"","txtPassword":"u]H[ww6KrA9F.x-F","txtUsername":"lxbfYeaa"}
[2026-04-03 19:25:43] Entered login() method. METHOD=POST POST=["(select_198766*667891)","txtPassword","txtUsername"]
[2026-04-03 19:25:43] btnLogin not set in POST — possible form issue. POST={"(select_198766*667891)":"","txtPassword":"u]H[ww6KrA9F.x-F","txtUsername":"lxbfYeaa"}
[2026-04-03 19:25:44] Entered login() method. METHOD=POST POST=["(select_198766*667891_from_DUAL)","txtPassword","txtUsername"]
[2026-04-03 19:25:44] btnLogin not set in POST — possible form issue. POST={"(select_198766*667891_from_DUAL)":"","txtPassword":"u]H[ww6KrA9F.x-F","txtUsername":"lxbfYeaa"}
[2026-04-03 19:25:46] Entered login() method. METHOD=POST POST=["btnLogin","txtPassword","txtUsername"]
[2026-04-03 19:25:46] Attempt login for username='lxbfYeaa'
[2026-04-03 19:25:46] findByUsername returned: NOT FOUND
[2026-04-03 19:25:46] Login failed for lxbfYeaa — redirecting back to /login
[2026-04-03 19:25:48] Entered login() method. METHOD=POST POST=["btnLogin","txtPassword","txtUsername"]
[2026-04-03 19:25:48] Attempt login for username='lxbfYeaa'
[2026-04-03 19:25:48] findByUsername returned: NOT FOUND
[2026-04-03 19:25:48] Login failed for lxbfYeaa — redirecting back to /login
[2026-04-03 19:25:48] Entered login() method. METHOD=POST POST=["btnLogin","txtPassword","txtUsername"]
[2026-04-03 19:25:48] Attempt login for username='lxbfYeaa'
[2026-04-03 19:25:48] findByUsername returned: NOT FOUND
[2026-04-03 19:25:48] Login failed for lxbfYeaa — redirecting back to /login
[2026-04-03 19:25:48] Entered login() method. METHOD=POST POST=["btnLogin","txtPassword","txtUsername"]
[2026-04-03 19:25:48] Attempt login for username='lxbfYeaa'
[2026-04-03 19:25:48] findByUsername returned: NOT FOUND
[2026-04-03 19:25:48] Login failed for lxbfYeaa — redirecting back to /login
[2026-04-03 19:25:48] Entered login() method. METHOD=POST POST=["btnLogin","txtPassword","txtUsername"]
[2026-04-03 19:25:48] Attempt login for username='lxbfYeaa'
[2026-04-03 19:25:48] findByUsername returned: NOT FOUND
[2026-04-03 19:25:48] Login failed for lxbfYeaa — redirecting back to /login
[2026-04-03 19:25:48] Entered login() method. METHOD=POST POST=["btnLogin","txtPassword","txtUsername"]
[2026-04-03 19:25:48] Attempt login for username='lxbfYeaa'
[2026-04-03 19:25:48] findByUsername returned: NOT FOUND
[2026-04-03 19:25:48] Login failed for lxbfYeaa — redirecting back to /login
[2026-04-03 19:25:49] Entered login() method. METHOD=POST POST=["btnLogin","txtPassword","txtUsername"]
[2026-04-03 19:25:49] Attempt login for username='lxbfYeaa'
[2026-04-03 19:25:49] findByUsername returned: NOT FOUND
[2026-04-03 19:25:49] Login failed for lxbfYeaa — redirecting back to /login
[2026-04-03 19:25:49] Entered login() method. METHOD=POST POST=["btnLogin","txtPassword","txtUsername"]
[2026-04-03 19:25:49] Attempt login for username='lxbfYeaa'
[2026-04-03 19:25:49] findByUsername returned: NOT FOUND
[2026-04-03 19:25:49] Login failed for lxbfYeaa — redirecting back to /login
[2026-04-03 19:25:50] Entered login() method. METHOD=POST POST=["btnLogin","txtPassword","txtUsername"]
[2026-04-03 19:25:50] Attempt login for username='lxbfYeaa'
[2026-04-03 19:25:50] findByUsername returned: NOT FOUND
[2026-04-03 19:25:50] Login failed for lxbfYeaa — redirecting back to /login
[2026-04-03 19:25:52] Entered login() method. METHOD=POST POST=["btnLogin","txtPassword","txtUsername"]
[2026-04-03 19:25:52] Attempt login for username='lxbfYeaa'
[2026-04-03 19:25:52] findByUsername returned: NOT FOUND
[2026-04-03 19:25:52] Login failed for lxbfYeaa — redirecting back to /login
[2026-04-03 19:25:52] Entered login() method. METHOD=POST POST=["btnLogin","txtPassword","txtUsername"]
[2026-04-03 19:25:52] Attempt login for username='lxbfYeaa'
[2026-04-03 19:25:52] findByUsername returned: NOT FOUND
[2026-04-03 19:25:52] Login failed for lxbfYeaa — redirecting back to /login
[2026-04-03 19:25:53] Entered login() method. METHOD=POST POST=["btnLogin","txtPassword","txtUsername"]
[2026-04-03 19:25:53] Attempt login for username='lxbfYeaa'
[2026-04-03 19:25:53] findByUsername returned: NOT FOUND
[2026-04-03 19:25:53] Login failed for lxbfYeaa — redirecting back to /login
[2026-04-03 19:25:54] Entered login() method. METHOD=POST POST=["btnLogin","txtPassword","txtUsername"]
[2026-04-03 19:25:54] Attempt login for username='lxbfYeaa'
[2026-04-03 19:25:54] findByUsername returned: NOT FOUND
[2026-04-03 19:25:54] Login failed for lxbfYeaa — redirecting back to /login
[2026-04-03 19:25:54] Entered login() method. METHOD=POST POST=["btnLogin","txtPassword","txtUsername"]
[2026-04-03 19:25:54] Attempt login for username='lxbfYeaa'
[2026-04-03 19:25:54] findByUsername returned: NOT FOUND
[2026-04-03 19:25:54] Login failed for lxbfYeaa — redirecting back to /login
[2026-04-03 19:25:54] Entered login() method. METHOD=POST POST=["btnLogin","txtPassword","txtUsername"]
[2026-04-03 19:25:54] Attempt login for username='lxbfYeaa'
[2026-04-03 19:25:54] findByUsername returned: NOT FOUND
[2026-04-03 19:25:54] Login failed for lxbfYeaa — redirecting back to /login
[2026-04-03 19:25:55] Entered login() method. METHOD=POST POST=["btnLogin","txtPassword","txtUsername"]
[2026-04-03 19:25:55] Attempt login for username='lxbfYeaa'
[2026-04-03 19:25:55] findByUsername returned: NOT FOUND
[2026-04-03 19:25:55] Login failed for lxbfYeaa — redirecting back to /login
[2026-04-03 19:25:55] Entered login() method. METHOD=POST POST=["btnLogin","txtPassword","txtUsername"]
[2026-04-03 19:25:55] Attempt login for username='lxbfYeaa'
[2026-04-03 19:25:55] findByUsername returned: NOT FOUND
[2026-04-03 19:25:55] Login failed for lxbfYeaa — redirecting back to /login
[2026-04-03 19:25:55] Entered login() method. METHOD=POST POST=["btnLogin","txtPassword","txtUsername"]
[2026-04-03 19:25:55] Attempt login for username='lxbfYeaa'
[2026-04-03 19:25:55] findByUsername returned: NOT FOUND
[2026-04-03 19:25:55] Login failed for lxbfYeaa — redirecting back to /login
[2026-04-03 19:25:56] Entered login() method. METHOD=POST POST=["btnLogin","txtPassword","txtUsername"]
[2026-04-03 19:25:56] Attempt login for username='lxbfYeaa'
[2026-04-03 19:25:56] findByUsername returned: NOT FOUND
[2026-04-03 19:25:56] Login failed for lxbfYeaa — redirecting back to /login
[2026-04-03 19:25:56] Entered login() method. METHOD=POST POST=["btnLogin","txtPassword","txtUsername"]
[2026-04-03 19:25:56] Attempt login for username='lxbfYeaa'
[2026-04-03 19:25:56] findByUsername returned: NOT FOUND
[2026-04-03 19:25:56] Login failed for lxbfYeaa — redirecting back to /login
[2026-04-03 19:25:56] Entered login() method. METHOD=POST POST=["btnLogin","txtPassword","txtUsername"]
[2026-04-03 19:25:56] Attempt login for username='lxbfYeaa'
[2026-04-03 19:25:56] findByUsername returned: NOT FOUND
[2026-04-03 19:25:56] Login failed for lxbfYeaa — redirecting back to /login
[2026-04-03 19:25:56] Entered login() method. METHOD=POST POST=["btnLogin","txtPassword","txtUsername"]
[2026-04-03 19:25:56] Attempt login for username='lxbfYeaa'
[2026-04-03 19:25:56] findByUsername returned: NOT FOUND
[2026-04-03 19:25:56] Login failed for lxbfYeaa — redirecting back to /login
[2026-04-03 19:25:56] Entered login() method. METHOD=POST POST=["btnLogin","txtPassword","txtUsername"]
[2026-04-03 19:25:56] Attempt login for username='lxbfYeaa'
[2026-04-03 19:25:56] findByUsername returned: NOT FOUND
[2026-04-03 19:25:56] Login failed for lxbfYeaa — redirecting back to /login
[2026-04-03 19:25:56] Entered login() method. METHOD=POST POST=["btnLogin","txtPassword","txtUsername"]
[2026-04-03 19:25:56] Attempt login for username='lxbfYeaa'
[2026-04-03 19:25:56] findByUsername returned: NOT FOUND
[2026-04-03 19:25:56] Login failed for lxbfYeaa — redirecting back to /login
[2026-04-03 19:25:57] Entered login() method. METHOD=POST POST=["btnLogin","txtPassword","txtUsername"]
[2026-04-03 19:25:57] Attempt login for username='lxbfYeaa'
[2026-04-03 19:25:57] findByUsername returned: NOT FOUND
[2026-04-03 19:25:57] Login failed for lxbfYeaa — redirecting back to /login
[2026-04-03 19:25:58] Entered login() method. METHOD=POST POST=["btnLogin","txtPassword","txtUsername"]
[2026-04-03 19:25:58] Attempt login for username='lxbfYeaa'
[2026-04-03 19:25:58] findByUsername returned: NOT FOUND
[2026-04-03 19:25:58] Login failed for lxbfYeaa — redirecting back to /login
[2026-04-03 19:25:58] Entered login() method. METHOD=POST POST=["btnLogin","txtPassword","txtUsername"]
[2026-04-03 19:25:58] Attempt login for username='-1 OR 5*5=25 --'
[2026-04-03 19:25:58] findByUsername returned: NOT FOUND
[2026-04-03 19:25:58] Login failed for -1 OR 5*5=25 -- — redirecting back to /login
[2026-04-03 19:25:58] Entered login() method. METHOD=POST POST=["btnLogin","txtPassword","txtUsername"]
[2026-04-03 19:25:58] Attempt login for username='-1 OR 5*5=25'
[2026-04-03 19:25:58] findByUsername returned: NOT FOUND
[2026-04-03 19:25:58] Login failed for -1 OR 5*5=25 — redirecting back to /login
[2026-04-03 19:25:58] Entered login() method. METHOD=POST POST=["btnLogin","txtPassword","txtUsername"]
[2026-04-03 19:25:58] Attempt login for username='-1' OR 5*5=25 --'
[2026-04-03 19:25:58] findByUsername returned: NOT FOUND
[2026-04-03 19:25:58] Login failed for -1' OR 5*5=25 -- — redirecting back to /login
[2026-04-03 19:25:58] Entered login() method. METHOD=POST POST=["btnLogin","txtPassword","txtUsername"]
[2026-04-03 19:25:58] Attempt login for username='-1" OR 5*5=25 --'
[2026-04-03 19:25:58] findByUsername returned: NOT FOUND
[2026-04-03 19:25:58] Login failed for -1" OR 5*5=25 -- — redirecting back to /login
[2026-04-03 19:25:58] Entered login() method. METHOD=POST POST=["btnLogin","txtPassword","txtUsername"]
[2026-04-03 19:25:58] Attempt login for username='-1' OR 5*5=25 or 'Jf1xTcUq'=''
[2026-04-03 19:25:58] findByUsername returned: NOT FOUND
[2026-04-03 19:25:58] Login failed for -1' OR 5*5=25 or 'Jf1xTcUq'=' — redirecting back to /login
[2026-04-03 19:25:59] Entered login() method. METHOD=POST POST=["btnLogin","txtPassword","txtUsername"]
[2026-04-03 19:25:59] Attempt login for username='-1" OR 5*5=25 or "3aS8Hawn"="'
[2026-04-03 19:25:59] findByUsername returned: NOT FOUND
[2026-04-03 19:25:59] Login failed for -1" OR 5*5=25 or "3aS8Hawn"=" — redirecting back to /login
[2026-04-03 19:25:59] Entered login() method. METHOD=POST POST=["btnLogin","txtPassword","txtUsername"]
[2026-04-03 19:25:59] Attempt login for username='if(now()=sysdate(),sleep(15),0)'
[2026-04-03 19:25:59] findByUsername returned: NOT FOUND
[2026-04-03 19:25:59] Login failed for if(now()=sysdate(),sleep(15),0) — redirecting back to /login
[2026-04-03 19:26:00] Entered login() method. METHOD=POST POST=["btnLogin","txtPassword","txtUsername"]
[2026-04-03 19:26:00] Attempt login for username='lxbfYeaa0'XOR(if(now()=sysdate(),sleep(15),0))XOR'Z'
[2026-04-03 19:26:00] findByUsername returned: NOT FOUND
[2026-04-03 19:26:00] Login failed for lxbfYeaa0'XOR(if(now()=sysdate(),sleep(15),0))XOR'Z — redirecting back to /login
[2026-04-03 19:26:01] Entered login() method. METHOD=POST POST=["btnLogin","txtPassword","txtUsername"]
[2026-04-03 19:26:01] Attempt login for username='lxbfYeaa0"XOR(if(now()=sysdate(),sleep(15),0))XOR"Z'
[2026-04-03 19:26:01] findByUsername returned: NOT FOUND
[2026-04-03 19:26:01] Login failed for lxbfYeaa0"XOR(if(now()=sysdate(),sleep(15),0))XOR"Z — redirecting back to /login
[2026-04-03 19:26:01] Entered login() method. METHOD=POST POST=["btnLogin","txtPassword","txtUsername"]
[2026-04-03 19:26:01] Attempt login for username='(select(0)from(select(sleep(15)))v)/*'+(select(0)from(select(sleep(15)))v)+'"+(select(0)from(select(sleep(15)))v)+"*/'
[2026-04-03 19:26:01] findByUsername returned: NOT FOUND
[2026-04-03 19:26:01] Login failed for (select(0)from(select(sleep(15)))v)/*'+(select(0)from(select(sleep(15)))v)+'"+(select(0)from(select(sleep(15)))v)+"*/ — redirecting back to /login
[2026-04-03 19:26:01] Entered login() method. METHOD=POST POST=["btnLogin","txtPassword","txtUsername"]
[2026-04-03 19:26:01] Attempt login for username='lxbfYeaa-1 waitfor delay '0:0:15' --'
[2026-04-03 19:26:01] findByUsername returned: NOT FOUND
[2026-04-03 19:26:01] Login failed for lxbfYeaa-1 waitfor delay '0:0:15' -- — redirecting back to /login
[2026-04-03 19:26:02] Entered login() method. METHOD=POST POST=["btnLogin","txtPassword","txtUsername"]
[2026-04-03 19:26:02] Attempt login for username='lxbfYeaa03snmvHn'; waitfor delay '0:0:15' --'
[2026-04-03 19:26:02] findByUsername returned: NOT FOUND
[2026-04-03 19:26:02] Login failed for lxbfYeaa03snmvHn'; waitfor delay '0:0:15' -- — redirecting back to /login
[2026-04-03 19:26:02] Entered login() method. METHOD=POST POST=["btnLogin","txtPassword","txtUsername"]
[2026-04-03 19:26:02] Attempt login for username='lxbfYeaakcKldnmV' OR 524=(SELECT 524 FROM PG_SLEEP(15))--'
[2026-04-03 19:26:02] findByUsername returned: NOT FOUND
[2026-04-03 19:26:02] Login failed for lxbfYeaakcKldnmV' OR 524=(SELECT 524 FROM PG_SLEEP(15))-- — redirecting back to /login
[2026-04-03 19:26:03] Entered login() method. METHOD=POST POST=["btnLogin","txtPassword","txtUsername"]
[2026-04-03 19:26:03] Attempt login for username='lxbfYeaaAexeKeK0') OR 274=(SELECT 274 FROM PG_SLEEP(15))--'
[2026-04-03 19:26:03] findByUsername returned: NOT FOUND
[2026-04-03 19:26:03] Login failed for lxbfYeaaAexeKeK0') OR 274=(SELECT 274 FROM PG_SLEEP(15))-- — redirecting back to /login
[2026-04-03 19:26:03] Entered login() method. METHOD=POST POST=["btnLogin","txtPassword","txtUsername"]
[2026-04-03 19:26:03] Attempt login for username='lxbfYeaa2GWDosPt')) OR 269=(SELECT 269 FROM PG_SLEEP(15))--'
[2026-04-03 19:26:03] findByUsername returned: NOT FOUND
[2026-04-03 19:26:03] Login failed for lxbfYeaa2GWDosPt')) OR 269=(SELECT 269 FROM PG_SLEEP(15))-- — redirecting back to /login
[2026-04-03 19:26:03] Entered login() method. METHOD=POST POST=["btnLogin","txtPassword","txtUsername"]
[2026-04-03 19:26:03] Attempt login for username='lxbfYeaa'||DBMS_PIPE.RECEIVE_MESSAGE(CHR(98)||CHR(98)||CHR(98),15)||''
[2026-04-03 19:26:03] findByUsername returned: NOT FOUND
[2026-04-03 19:26:03] Login failed for lxbfYeaa'||DBMS_PIPE.RECEIVE_MESSAGE(CHR(98)||CHR(98)||CHR(98),15)||' — redirecting back to /login
[2026-04-03 19:26:03] Entered login() method. METHOD=POST POST=["btnLogin","txtPassword","txtUsername"]
[2026-04-03 19:26:03] Attempt login for username='lxbfYeaa'
[2026-04-03 19:26:03] findByUsername returned: NOT FOUND
[2026-04-03 19:26:03] Login failed for lxbfYeaa — redirecting back to /login
[2026-04-03 19:26:03] Entered login() method. METHOD=POST POST=["btnLogin","txtPassword","txtUsername"]
[2026-04-03 19:26:03] Attempt login for username='lxbfYeaa'"'
[2026-04-03 19:26:03] findByUsername returned: NOT FOUND
[2026-04-03 19:26:03] Login failed for lxbfYeaa'" — redirecting back to /login
[2026-04-03 19:26:03] Entered login() method. METHOD=POST POST=["btnLogin","txtPassword","txtUsername"]
[2026-04-03 19:26:03] Attempt login for username='lxbfYeaa����%2527%2522\'\"'
[2026-04-03 19:26:04] Entered login() method. METHOD=POST POST=["btnLogin","txtPassword","txtUsername"]
[2026-04-03 19:26:04] Attempt login for username='@@kHN1i'
[2026-04-03 19:26:04] findByUsername returned: NOT FOUND
[2026-04-03 19:26:04] Login failed for @@kHN1i — redirecting back to /login
[2026-04-03 19:26:04] Entered login() method. METHOD=POST POST=["btnLogin","txtPassword","txtUsername"]
[2026-04-03 19:26:04] Attempt login for username='(select 198766*667891)'
[2026-04-03 19:26:04] findByUsername returned: NOT FOUND
[2026-04-03 19:26:04] Login failed for (select 198766*667891) — redirecting back to /login
[2026-04-03 19:26:04] Entered login() method. METHOD=POST POST=["btnLogin","txtPassword","txtUsername"]
[2026-04-03 19:26:04] Attempt login for username='(select 198766*667891 from DUAL)'
[2026-04-03 19:26:04] findByUsername returned: NOT FOUND
[2026-04-03 19:26:04] Login failed for (select 198766*667891 from DUAL) — redirecting back to /login
[2026-04-03 19:26:07] Entered login() method. METHOD=POST POST=["btnLogin","txtPassword","txtUsername"]
[2026-04-03 19:26:07] Attempt login for username='lxbfYeaa'
[2026-04-03 19:26:07] findByUsername returned: NOT FOUND
[2026-04-03 19:26:07] Login failed for lxbfYeaa — redirecting back to /login
[2026-04-03 19:26:07] Entered login() method. METHOD=GET POST=[]
[2026-04-03 19:26:07] Not POST request — redirecting to /login
[2026-04-03 19:26:07] Entered login() method. METHOD=POST POST=[]
[2026-04-03 19:26:07] btnLogin not set in POST — possible form issue. POST=[]
[2026-04-03 19:26:07] Entered login() method. METHOD=GET POST=[]
[2026-04-03 19:26:07] Not POST request — redirecting to /login
[2026-04-03 19:26:08] Entered login() method. METHOD=POST POST=[]
[2026-04-03 19:26:08] btnLogin not set in POST — possible form issue. POST=[]
[2026-04-03 19:26:08] Entered login() method. METHOD=GET POST=[]
[2026-04-03 19:26:08] Not POST request — redirecting to /login
[2026-04-03 19:26:11] Entered login() method. METHOD=POST POST=[]
[2026-04-03 19:26:11] btnLogin not set in POST — possible form issue. POST=[]
[2026-04-03 19:26:11] Entered login() method. METHOD=GET POST=[]
[2026-04-03 19:26:11] Not POST request — redirecting to /login
[2026-04-03 19:26:11] Entered login() method. METHOD=POST POST=[]
[2026-04-03 19:26:11] btnLogin not set in POST — possible form issue. POST=[]
[2026-04-03 19:26:12] Entered login() method. METHOD=GET POST=[]
[2026-04-03 19:26:12] Not POST request — redirecting to /login
[2026-04-03 19:26:12] Entered login() method. METHOD=POST POST=[]
[2026-04-03 19:26:12] btnLogin not set in POST — possible form issue. POST=[]
[2026-04-03 19:26:12] Entered login() method. METHOD=GET POST=[]
[2026-04-03 19:26:12] Not POST request — redirecting to /login
[2026-04-03 19:26:12] Entered login() method. METHOD=POST POST=[]
[2026-04-03 19:26:12] btnLogin not set in POST — possible form issue. POST=[]
[2026-04-03 19:26:12] Entered login() method. METHOD=GET POST=[]
[2026-04-03 19:26:12] Not POST request — redirecting to /login
[2026-04-03 19:26:12] Entered login() method. METHOD=POST POST=[]
[2026-04-03 19:26:12] btnLogin not set in POST — possible form issue. POST=[]
[2026-04-03 19:26:12] Entered login() method. METHOD=GET POST=[]
[2026-04-03 19:26:12] Not POST request — redirecting to /login
[2026-04-03 19:26:12] Entered login() method. METHOD=POST POST=[]
[2026-04-03 19:26:12] btnLogin not set in POST — possible form issue. POST=[]
[2026-04-03 19:26:12] Entered login() method. METHOD=GET POST=[]
[2026-04-03 19:26:12] Not POST request — redirecting to /login
[2026-04-03 19:26:12] Entered login() method. METHOD=POST POST=[]
[2026-04-03 19:26:12] btnLogin not set in POST — possible form issue. POST=[]
[2026-04-03 19:26:12] Entered login() method. METHOD=GET POST=[]
[2026-04-03 19:26:12] Not POST request — redirecting to /login
[2026-04-03 19:26:28] Entered login() method. METHOD=POST POST=[]
[2026-04-03 19:26:28] btnLogin not set in POST — possible form issue. POST=[]
[2026-04-03 19:26:28] Entered login() method. METHOD=GET POST=[]
[2026-04-03 19:26:28] Not POST request — redirecting to /login
[2026-04-03 19:26:31] Entered login() method. METHOD=POST POST=[]
[2026-04-03 19:26:31] btnLogin not set in POST — possible form issue. POST=[]
[2026-04-03 19:26:31] Entered login() method. METHOD=GET POST=[]
[2026-04-03 19:26:31] Not POST request — redirecting to /login
[2026-04-03 19:26:44] Entered login() method. METHOD=POST POST=[]
[2026-04-03 19:26:44] btnLogin not set in POST — possible form issue. POST=[]
[2026-04-03 19:26:44] Entered login() method. METHOD=POST POST=[]
[2026-04-03 19:26:44] btnLogin not set in POST — possible form issue. POST=[]
[2026-04-03 19:26:44] Entered login() method. METHOD=GET POST=[]
[2026-04-03 19:26:44] Not POST request — redirecting to /login
[2026-04-03 19:26:44] Entered login() method. METHOD=POST POST=[]
[2026-04-03 19:26:44] btnLogin not set in POST — possible form issue. POST=[]
[2026-04-03 19:26:44] Entered login() method. METHOD=GET POST=[]
[2026-04-03 19:26:44] Not POST request — redirecting to /login
[2026-04-03 19:26:44] Entered login() method. METHOD=POST POST=[]
[2026-04-03 19:26:44] btnLogin not set in POST — possible form issue. POST=[]
[2026-04-03 19:26:44] Entered login() method. METHOD=GET POST=[]
[2026-04-03 19:26:44] Not POST request — redirecting to /login
[2026-04-03 19:26:44] Entered login() method. METHOD=POST POST=[]
[2026-04-03 19:26:44] btnLogin not set in POST — possible form issue. POST=[]
[2026-04-03 19:26:44] Entered login() method. METHOD=GET POST=[]
[2026-04-03 19:26:44] Not POST request — redirecting to /login
[2026-04-03 19:26:44] Entered login() method. METHOD=POST POST=[]
[2026-04-03 19:26:44] btnLogin not set in POST — possible form issue. POST=[]
[2026-04-03 19:26:45] Entered login() method. METHOD=GET POST=[]
[2026-04-03 19:26:45] Not POST request — redirecting to /login
[2026-04-03 19:26:45] Entered login() method. METHOD=GET POST=[]
[2026-04-03 19:26:45] Not POST request — redirecting to /login
[2026-04-03 19:26:48] Entered login() method. METHOD=POST POST=[]
[2026-04-03 19:26:48] btnLogin not set in POST — possible form issue. POST=[]
[2026-04-03 19:26:48] Entered login() method. METHOD=GET POST=[]
[2026-04-03 19:26:48] Not POST request — redirecting to /login
[2026-04-03 19:26:51] Entered login() method. METHOD=POST POST=[]
[2026-04-03 19:26:51] btnLogin not set in POST — possible form issue. POST=[]
[2026-04-03 19:26:51] Entered login() method. METHOD=GET POST=[]
[2026-04-03 19:26:51] Not POST request — redirecting to /login
[2026-04-03 19:26:51] Entered login() method. METHOD=POST POST=[]
[2026-04-03 19:26:51] btnLogin not set in POST — possible form issue. POST=[]
[2026-04-03 19:26:51] Entered login() method. METHOD=GET POST=[]
[2026-04-03 19:26:51] Not POST request — redirecting to /login
[2026-04-03 19:26:51] Entered login() method. METHOD=POST POST=[]
[2026-04-03 19:26:51] btnLogin not set in POST — possible form issue. POST=[]
[2026-04-03 19:26:51] Entered login() method. METHOD=GET POST=[]
[2026-04-03 19:26:51] Not POST request — redirecting to /login
[2026-04-03 19:26:51] Entered login() method. METHOD=POST POST=[]
[2026-04-03 19:26:51] btnLogin not set in POST — possible form issue. POST=[]
[2026-04-03 19:26:51] Entered login() method. METHOD=POST POST=[]
[2026-04-03 19:26:51] btnLogin not set in POST — possible form issue. POST=[]
[2026-04-03 19:26:51] Entered login() method. METHOD=GET POST=[]
[2026-04-03 19:26:51] Not POST request — redirecting to /login
[2026-04-03 19:26:51] Entered login() method. METHOD=POST POST=[]
[2026-04-03 19:26:51] btnLogin not set in POST — possible form issue. POST=[]
[2026-04-03 19:26:51] Entered login() method. METHOD=GET POST=[]
[2026-04-03 19:26:51] Not POST request — redirecting to /login
[2026-04-03 19:26:52] Entered login() method. METHOD=POST POST=[]
[2026-04-03 19:26:52] btnLogin not set in POST — possible form issue. POST=[]
[2026-04-03 19:26:52] Entered login() method. METHOD=GET POST=[]
[2026-04-03 19:26:52] Not POST request — redirecting to /login
[2026-04-03 19:26:52] Entered login() method. METHOD=GET POST=[]
[2026-04-03 19:26:52] Not POST request — redirecting to /login
[2026-04-03 19:26:54] Entered login() method. METHOD=POST POST=[]
[2026-04-03 19:26:54] btnLogin not set in POST — possible form issue. POST=[]
[2026-04-03 19:26:54] Entered login() method. METHOD=GET POST=[]
[2026-04-03 19:26:54] Not POST request — redirecting to /login
[2026-04-03 19:26:57] Entered login() method. METHOD=POST POST=[]
[2026-04-03 19:26:57] btnLogin not set in POST — possible form issue. POST=[]
[2026-04-03 19:26:58] Entered login() method. METHOD=GET POST=[]
[2026-04-03 19:26:58] Not POST request — redirecting to /login
[2026-04-03 19:27:01] Entered login() method. METHOD=POST POST=[]
[2026-04-03 19:27:01] btnLogin not set in POST — possible form issue. POST=[]
[2026-04-03 19:27:01] Entered login() method. METHOD=GET POST=[]
[2026-04-03 19:27:01] Not POST request — redirecting to /login
[2026-04-03 19:27:05] Entered login() method. METHOD=POST POST=[]
[2026-04-03 19:27:05] btnLogin not set in POST — possible form issue. POST=[]
[2026-04-03 19:27:06] Entered login() method. METHOD=GET POST=[]
[2026-04-03 19:27:06] Not POST request — redirecting to /login
[2026-04-03 19:27:09] Entered login() method. METHOD=POST POST=[]
[2026-04-03 19:27:09] btnLogin not set in POST — possible form issue. POST=[]
[2026-04-03 19:27:09] Entered login() method. METHOD=GET POST=[]
[2026-04-03 19:27:09] Not POST request — redirecting to /login
[2026-04-03 19:27:12] Entered login() method. METHOD=POST POST=[]
[2026-04-03 19:27:12] btnLogin not set in POST — possible form issue. POST=[]
[2026-04-03 19:27:13] Entered login() method. METHOD=GET POST=[]
[2026-04-03 19:27:13] Not POST request — redirecting to /login
[2026-04-03 19:27:15] Entered login() method. METHOD=POST POST=[]
[2026-04-03 19:27:15] btnLogin not set in POST — possible form issue. POST=[]
[2026-04-03 19:27:16] Entered login() method. METHOD=GET POST=[]
[2026-04-03 19:27:16] Not POST request — redirecting to /login
[2026-04-03 19:27:19] Entered login() method. METHOD=POST POST=[]
[2026-04-03 19:27:19] btnLogin not set in POST — possible form issue. POST=[]
[2026-04-03 19:27:19] Entered login() method. METHOD=GET POST=[]
[2026-04-03 19:27:19] Not POST request — redirecting to /login
[2026-04-03 19:27:22] Entered login() method. METHOD=POST POST=[]
[2026-04-03 19:27:22] btnLogin not set in POST — possible form issue. POST=[]
[2026-04-03 19:27:23] Entered login() method. METHOD=GET POST=[]
[2026-04-03 19:27:23] Not POST request — redirecting to /login
[2026-04-03 19:27:26] Entered login() method. METHOD=POST POST=[]
[2026-04-03 19:27:26] btnLogin not set in POST — possible form issue. POST=[]
[2026-04-03 19:27:26] Entered login() method. METHOD=POST POST=[]
[2026-04-03 19:27:26] btnLogin not set in POST — possible form issue. POST=[]
[2026-04-03 19:27:26] Entered login() method. METHOD=POST POST=[]
[2026-04-03 19:27:26] btnLogin not set in POST — possible form issue. POST=[]
[2026-04-03 19:27:27] Entered login() method. METHOD=GET POST=[]
[2026-04-03 19:27:27] Not POST request — redirecting to /login
[2026-04-03 19:27:27] Entered login() method. METHOD=POST POST=[]
[2026-04-03 19:27:27] btnLogin not set in POST — possible form issue. POST=[]
[2026-04-03 19:27:27] Entered login() method. METHOD=GET POST=[]
[2026-04-03 19:27:27] Not POST request — redirecting to /login
[2026-04-03 19:27:27] Entered login() method. METHOD=POST POST=[]
[2026-04-03 19:27:27] btnLogin not set in POST — possible form issue. POST=[]
[2026-04-03 19:27:27] Entered login() method. METHOD=GET POST=[]
[2026-04-03 19:27:27] Not POST request — redirecting to /login
[2026-04-03 19:27:27] Entered login() method. METHOD=POST POST=[]
[2026-04-03 19:27:27] btnLogin not set in POST — possible form issue. POST=[]
[2026-04-03 19:27:27] Entered login() method. METHOD=GET POST=[]
[2026-04-03 19:27:27] Not POST request — redirecting to /login
[2026-04-03 19:27:27] Entered login() method. METHOD=POST POST=[]
[2026-04-03 19:27:27] btnLogin not set in POST — possible form issue. POST=[]
[2026-04-03 19:27:27] Entered login() method. METHOD=GET POST=[]
[2026-04-03 19:27:27] Not POST request — redirecting to /login
[2026-04-03 19:27:28] Entered login() method. METHOD=GET POST=[]
[2026-04-03 19:27:28] Not POST request — redirecting to /login
[2026-04-03 19:27:28] Entered login() method. METHOD=GET POST=[]
[2026-04-03 19:27:28] Not POST request — redirecting to /login
[2026-04-03 19:27:30] Entered login() method. METHOD=POST POST=[]
[2026-04-03 19:27:30] btnLogin not set in POST — possible form issue. POST=[]
[2026-04-03 19:27:31] Entered login() method. METHOD=GET POST=[]
[2026-04-03 19:27:31] Not POST request — redirecting to /login
[2026-04-03 19:27:34] Entered login() method. METHOD=POST POST=[]
[2026-04-03 19:27:34] btnLogin not set in POST — possible form issue. POST=[]
[2026-04-03 19:27:34] Entered login() method. METHOD=POST POST=[]
[2026-04-03 19:27:34] btnLogin not set in POST — possible form issue. POST=[]
[2026-04-03 19:27:35] Entered login() method. METHOD=POST POST=[]
[2026-04-03 19:27:35] btnLogin not set in POST — possible form issue. POST=[]
[2026-04-03 19:27:35] Entered login() method. METHOD=POST POST=[]
[2026-04-03 19:27:35] btnLogin not set in POST — possible form issue. POST=[]
[2026-04-03 19:27:35] Entered login() method. METHOD=GET POST=[]
[2026-04-03 19:27:35] Not POST request — redirecting to /login
[2026-04-03 19:27:35] Entered login() method. METHOD=GET POST=[]
[2026-04-03 19:27:35] Not POST request — redirecting to /login
[2026-04-03 19:27:35] Entered login() method. METHOD=POST POST=[]
[2026-04-03 19:27:35] btnLogin not set in POST — possible form issue. POST=[]
[2026-04-03 19:27:35] Entered login() method. METHOD=GET POST=[]
[2026-04-03 19:27:35] Not POST request — redirecting to /login
[2026-04-03 19:27:35] Entered login() method. METHOD=POST POST=[]
[2026-04-03 19:27:35] btnLogin not set in POST — possible form issue. POST=[]
[2026-04-03 19:27:35] Entered login() method. METHOD=GET POST=[]
[2026-04-03 19:27:35] Not POST request — redirecting to /login
[2026-04-03 19:27:35] Entered login() method. METHOD=POST POST=[]
[2026-04-03 19:27:35] btnLogin not set in POST — possible form issue. POST=[]
[2026-04-03 19:27:36] Entered login() method. METHOD=GET POST=[]
[2026-04-03 19:27:36] Not POST request — redirecting to /login
[2026-04-03 19:27:36] Entered login() method. METHOD=GET POST=[]
[2026-04-03 19:27:36] Not POST request — redirecting to /login
[2026-04-03 19:27:36] Entered login() method. METHOD=GET POST=[]
[2026-04-03 19:27:36] Not POST request — redirecting to /login
[2026-04-03 19:27:51] Entered login() method. METHOD=POST POST=[]
[2026-04-03 19:27:51] btnLogin not set in POST — possible form issue. POST=[]
[2026-04-03 19:27:54] Entered login() method. METHOD=GET POST=[]
[2026-04-03 19:27:54] Not POST request — redirecting to /login
[2026-04-03 19:27:56] Entered login() method. METHOD=POST POST=[]
[2026-04-03 19:27:56] btnLogin not set in POST — possible form issue. POST=[]
[2026-04-03 19:27:58] Entered login() method. METHOD=GET POST=[]
[2026-04-03 19:27:58] Not POST request — redirecting to /login
[2026-04-03 19:28:07] Entered login() method. METHOD=POST POST=[]
[2026-04-03 19:28:07] btnLogin not set in POST — possible form issue. POST=[]
[2026-04-03 19:28:07] Entered login() method. METHOD=POST POST=[]
[2026-04-03 19:28:07] btnLogin not set in POST — possible form issue. POST=[]
[2026-04-03 19:28:07] Entered login() method. METHOD=POST POST=[]
[2026-04-03 19:28:07] btnLogin not set in POST — possible form issue. POST=[]
[2026-04-03 19:28:08] Entered login() method. METHOD=POST POST=[]
[2026-04-03 19:28:08] btnLogin not set in POST — possible form issue. POST=[]
[2026-04-03 19:28:08] Entered login() method. METHOD=POST POST=[]
[2026-04-03 19:28:08] btnLogin not set in POST — possible form issue. POST=[]
[2026-04-03 19:28:08] Entered login() method. METHOD=POST POST=[]
[2026-04-03 19:28:08] btnLogin not set in POST — possible form issue. POST=[]
[2026-04-03 19:28:09] Entered login() method. METHOD=GET POST=[]
[2026-04-03 19:28:09] Not POST request — redirecting to /login
[2026-04-03 19:28:09] Entered login() method. METHOD=GET POST=[]
[2026-04-03 19:28:09] Not POST request — redirecting to /login
[2026-04-03 19:28:09] Entered login() method. METHOD=GET POST=[]
[2026-04-03 19:28:09] Not POST request — redirecting to /login
[2026-04-03 19:28:09] Entered login() method. METHOD=GET POST=[]
[2026-04-03 19:28:09] Not POST request — redirecting to /login
[2026-04-03 19:28:10] Entered login() method. METHOD=GET POST=[]
[2026-04-03 19:28:10] Not POST request — redirecting to /login
[2026-04-03 19:28:10] Entered login() method. METHOD=GET POST=[]
[2026-04-03 19:28:10] Not POST request — redirecting to /login
[2026-04-03 19:28:12] Entered login() method. METHOD=POST POST=[]
[2026-04-03 19:28:12] btnLogin not set in POST — possible form issue. POST=[]
[2026-04-03 19:28:13] Entered login() method. METHOD=GET POST=[]
[2026-04-03 19:28:13] Not POST request — redirecting to /login
[2026-04-03 19:28:15] Entered login() method. METHOD=POST POST=[]
[2026-04-03 19:28:15] btnLogin not set in POST — possible form issue. POST=[]
[2026-04-03 19:28:15] Entered login() method. METHOD=POST POST=[]
[2026-04-03 19:28:15] btnLogin not set in POST — possible form issue. POST=[]
[2026-04-03 19:28:15] Entered login() method. METHOD=POST POST=[]
[2026-04-03 19:28:15] btnLogin not set in POST — possible form issue. POST=[]
[2026-04-03 19:28:15] Entered login() method. METHOD=POST POST=[]
[2026-04-03 19:28:15] btnLogin not set in POST — possible form issue. POST=[]
[2026-04-03 19:28:15] Entered login() method. METHOD=POST POST=[]
[2026-04-03 19:28:15] btnLogin not set in POST — possible form issue. POST=[]
[2026-04-03 19:28:15] Entered login() method. METHOD=POST POST=[]
[2026-04-03 19:28:15] btnLogin not set in POST — possible form issue. POST=[]
[2026-04-03 19:28:16] Entered login() method. METHOD=POST POST=[]
[2026-04-03 19:28:16] btnLogin not set in POST — possible form issue. POST=[]
[2026-04-03 19:28:16] Entered login() method. METHOD=GET POST=[]
[2026-04-03 19:28:16] Not POST request — redirecting to /login
[2026-04-03 19:28:17] Entered login() method. METHOD=GET POST=[]
[2026-04-03 19:28:17] Not POST request — redirecting to /login
[2026-04-03 19:28:17] Entered login() method. METHOD=GET POST=[]
[2026-04-03 19:28:17] Not POST request — redirecting to /login
[2026-04-03 19:28:17] Entered login() method. METHOD=GET POST=[]
[2026-04-03 19:28:17] Not POST request — redirecting to /login
[2026-04-03 19:28:17] Entered login() method. METHOD=GET POST=[]
[2026-04-03 19:28:17] Not POST request — redirecting to /login
[2026-04-03 19:28:17] Entered login() method. METHOD=GET POST=[]
[2026-04-03 19:28:17] Not POST request — redirecting to /login
[2026-04-03 19:28:17] Entered login() method. METHOD=GET POST=[]
[2026-04-03 19:28:17] Not POST request — redirecting to /login
[2026-04-03 19:28:31] Entered login() method. METHOD=POST POST=[]
[2026-04-03 19:28:31] btnLogin not set in POST — possible form issue. POST=[]
[2026-04-03 19:28:33] Entered login() method. METHOD=GET POST=[]
[2026-04-03 19:28:33] Not POST request — redirecting to /login
[2026-04-03 19:28:34] Entered login() method. METHOD=POST POST=[]
[2026-04-03 19:28:34] btnLogin not set in POST — possible form issue. POST=[]
[2026-04-03 19:28:36] Entered login() method. METHOD=GET POST=[]
[2026-04-03 19:28:36] Not POST request — redirecting to /login
[2026-04-03 19:28:45] Entered login() method. METHOD=POST POST=[]
[2026-04-03 19:28:45] btnLogin not set in POST — possible form issue. POST=[]
[2026-04-03 19:28:46] Entered login() method. METHOD=POST POST=[]
[2026-04-03 19:28:46] btnLogin not set in POST — possible form issue. POST=[]
[2026-04-03 19:28:46] Entered login() method. METHOD=POST POST=[]
[2026-04-03 19:28:46] btnLogin not set in POST — possible form issue. POST=[]
[2026-04-03 19:28:46] Entered login() method. METHOD=POST POST=[]
[2026-04-03 19:28:46] btnLogin not set in POST — possible form issue. POST=[]
[2026-04-03 19:28:46] Entered login() method. METHOD=POST POST=[]
[2026-04-03 19:28:46] btnLogin not set in POST — possible form issue. POST=[]
[2026-04-03 19:28:46] Entered login() method. METHOD=POST POST=[]
[2026-04-03 19:28:46] btnLogin not set in POST — possible form issue. POST=[]
[2026-04-03 19:28:47] Entered login() method. METHOD=GET POST=[]
[2026-04-03 19:28:47] Not POST request — redirecting to /login
[2026-04-03 19:28:47] Entered login() method. METHOD=GET POST=[]
[2026-04-03 19:28:47] Not POST request — redirecting to /login
[2026-04-03 19:28:47] Entered login() method. METHOD=GET POST=[]
[2026-04-03 19:28:47] Not POST request — redirecting to /login
[2026-04-03 19:28:47] Entered login() method. METHOD=GET POST=[]
[2026-04-03 19:28:47] Not POST request — redirecting to /login
[2026-04-03 19:28:48] Entered login() method. METHOD=GET POST=[]
[2026-04-03 19:28:48] Not POST request — redirecting to /login
[2026-04-03 19:28:48] Entered login() method. METHOD=GET POST=[]
[2026-04-03 19:28:48] Not POST request — redirecting to /login
[2026-04-04 03:34:34] Entered login() method. METHOD=GET POST=[]
[2026-04-04 03:34:34] Not POST request — redirecting to /login
[2026-04-05 03:26:37] Entered login() method. METHOD=GET POST=[]
[2026-04-05 03:26:37] Not POST request — redirecting to /login
[2026-04-05 19:52:22] Entered login() method. METHOD=POST POST=["txtUsername","txtPassword","btnLogin"]
[2026-04-05 19:52:22] Attempt login for username='admin'
[2026-04-05 19:52:22] findByUsername returned: FOUND
[2026-04-05 19:52:22] Stored password appears plain; performing direct compare (legacy)
[2026-04-05 19:52:22] Plaintext compare succeeded
[2026-04-05 19:52:22] Login successful for admin; usertype=ADMIN
[2026-04-06 03:24:01] Entered login() method. METHOD=GET POST=[]
[2026-04-06 03:24:01] Not POST request — redirecting to /login
[2026-04-07 09:25:38] Entered login() method. METHOD=POST POST=["txtUsername","txtPassword","btnLogin"]
[2026-04-07 09:25:38] Attempt login for username='admin'
[2026-04-07 09:25:38] findByUsername returned: FOUND
[2026-04-07 09:25:38] Stored password appears plain; performing direct compare (legacy)
[2026-04-07 09:25:38] Plaintext compare succeeded
[2026-04-07 09:25:38] Login successful for admin; usertype=ADMIN
[2026-04-07 09:42:08] Entered login() method. METHOD=POST POST=["txtUsername","txtPassword","btnLogin"]
[2026-04-07 09:42:08] Attempt login for username='admin'
[2026-04-07 09:42:08] findByUsername returned: FOUND
[2026-04-07 09:42:08] Stored password appears plain; performing direct compare (legacy)
[2026-04-07 09:42:08] Plaintext compare succeeded
[2026-04-07 09:42:08] Login successful for admin; usertype=ADMIN
[2026-04-07 09:45:08] Entered login() method. METHOD=POST POST=["txtUsername","txtPassword","btnLogin"]
[2026-04-07 09:45:08] Attempt login for username='Dan'
[2026-04-07 09:45:08] findByUsername returned: FOUND
[2026-04-07 09:45:08] Stored password appears hashed; using password_verify
[2026-04-07 09:45:08] password_verify succeeded
[2026-04-07 09:45:08] Login successful for Dan; usertype=EMPLOYEE
[2026-04-07 09:49:39] Entered login() method. METHOD=POST POST=["txtUsername","txtPassword","btnLogin"]
[2026-04-07 09:49:39] Attempt login for username='Dan'
[2026-04-07 09:49:39] findByUsername returned: FOUND
[2026-04-07 09:49:39] Stored password appears hashed; using password_verify
[2026-04-07 09:49:39] password_verify failed
[2026-04-07 09:49:39] Login failed for Dan — redirecting back to /login
[2026-04-07 09:49:52] Entered login() method. METHOD=POST POST=["txtUsername","txtPassword","btnLogin"]
[2026-04-07 09:49:52] Attempt login for username='Dan'
[2026-04-07 09:49:52] findByUsername returned: FOUND
[2026-04-07 09:49:52] Stored password appears hashed; using password_verify
[2026-04-07 09:49:52] password_verify succeeded
[2026-04-07 09:49:52] Login successful for Dan; usertype=EMPLOYEE
[2026-04-07 09:58:38] Entered login() method. METHOD=POST POST=["txtUsername","txtPassword","btnLogin"]
[2026-04-07 09:58:38] Attempt login for username='admin'
[2026-04-07 09:58:38] findByUsername returned: FOUND
[2026-04-07 09:58:38] Stored password appears plain; performing direct compare (legacy)
[2026-04-07 09:58:38] Plaintext compare succeeded
[2026-04-07 09:58:38] Login successful for admin; usertype=ADMIN
[2026-04-08 03:46:31] Entered login() method. METHOD=POST POST=["txtUsername","txtPassword","btnLogin"]
[2026-04-08 03:46:31] Attempt login for username='Dan'
[2026-04-08 03:46:31] findByUsername returned: FOUND
[2026-04-08 03:46:31] Stored password appears hashed; using password_verify
[2026-04-08 03:46:32] password_verify succeeded
[2026-04-08 03:46:32] Login successful for Dan; usertype=EMPLOYEE
[2026-04-08 03:48:55] Entered login() method. METHOD=POST POST=["txtUsername","txtPassword","btnLogin"]
[2026-04-08 03:48:55] Attempt login for username='admin'
[2026-04-08 03:48:55] findByUsername returned: FOUND
[2026-04-08 03:48:55] Stored password appears plain; performing direct compare (legacy)
[2026-04-08 03:48:55] Plaintext compare succeeded
[2026-04-08 03:48:55] Login successful for admin; usertype=ADMIN
[2026-04-08 03:49:47] Entered login() method. METHOD=POST POST=["txtUsername","txtPassword","btnLogin"]
[2026-04-08 03:49:47] Attempt login for username='Dan'
[2026-04-08 03:49:47] findByUsername returned: FOUND
[2026-04-08 03:49:47] Stored password appears hashed; using password_verify
[2026-04-08 03:49:47] password_verify succeeded
[2026-04-08 03:49:47] Login successful for Dan; usertype=IT
[2026-04-08 04:24:19] Entered login() method. METHOD=POST POST=["txtUsername","txtPassword","btnLogin"]
[2026-04-08 04:24:19] Attempt login for username='admin'
[2026-04-08 04:24:19] findByUsername returned: FOUND
[2026-04-08 04:24:19] Stored password appears plain; performing direct compare (legacy)
[2026-04-08 04:24:19] Plaintext compare succeeded
[2026-04-08 04:24:19] Login successful for admin; usertype=ADMIN
[2026-04-08 05:26:14] Entered login() method. METHOD=POST POST=["txtUsername","txtPassword","btnLogin"]
[2026-04-08 05:26:14] Attempt login for username='Dan'
[2026-04-08 05:26:14] findByUsername returned: FOUND
[2026-04-08 05:26:14] Stored password appears hashed; using password_verify
[2026-04-08 05:26:14] password_verify succeeded
[2026-04-08 05:26:14] Login successful for Dan; usertype=IT
[2026-04-10 03:42:25] Entered login() method. METHOD=POST POST=["txtUsername","txtPassword","btnLogin"]
[2026-04-10 03:42:25] Attempt login for username='Dan'
[2026-04-10 03:42:25] findByUsername returned: FOUND
[2026-04-10 03:42:25] Stored password appears hashed; using password_verify
[2026-04-10 03:42:25] password_verify succeeded
[2026-04-10 03:42:25] Login successful for Dan; usertype=IT
[2026-04-10 03:49:46] Entered login() method. METHOD=POST POST=["txtUsername","txtPassword","btnLogin"]
[2026-04-10 03:49:46] Attempt login for username='admin'
[2026-04-10 03:49:46] findByUsername returned: FOUND
[2026-04-10 03:49:46] Stored password appears plain; performing direct compare (legacy)
[2026-04-10 03:49:46] Plaintext compare succeeded
[2026-04-10 03:49:46] Login successful for admin; usertype=ADMIN
[2026-04-10 04:02:36] Entered login() method. METHOD=POST POST=["txtUsername","txtPassword","btnLogin"]
[2026-04-10 04:02:36] Attempt login for username='Dan'
[2026-04-10 04:02:36] findByUsername returned: FOUND
[2026-04-10 04:02:36] Stored password appears hashed; using password_verify
[2026-04-10 04:02:36] password_verify succeeded
[2026-04-10 04:02:36] Login successful for Dan; usertype=IT
[2026-04-10 04:05:25] Entered login() method. METHOD=POST POST=["txtUsername","txtPassword","btnLogin"]
[2026-04-10 04:05:25] Attempt login for username='admin'
[2026-04-10 04:05:25] findByUsername returned: FOUND
[2026-04-10 04:05:25] Stored password appears plain; performing direct compare (legacy)
[2026-04-10 04:05:25] Plaintext compare succeeded
[2026-04-10 04:05:25] Login successful for admin; usertype=ADMIN
[2026-04-10 04:36:24] Entered login() method. METHOD=POST POST=["txtUsername","txtPassword","btnLogin"]
[2026-04-10 04:36:24] Attempt login for username='Saren'
[2026-04-10 04:36:24] findByUsername returned: FOUND
[2026-04-10 04:36:24] Stored password appears hashed; using password_verify
[2026-04-10 04:36:24] password_verify succeeded
[2026-04-10 04:36:24] Login successful for Saren; usertype=HEAD
[2026-04-10 07:33:05] Entered login() method. METHOD=POST POST=["txtUsername","txtPassword","btnLogin"]
[2026-04-10 07:33:05] Attempt login for username='admin'
[2026-04-10 07:33:05] findByUsername returned: FOUND
[2026-04-10 07:33:05] Stored password appears plain; performing direct compare (legacy)
[2026-04-10 07:33:05] Plaintext compare succeeded
[2026-04-10 07:33:05] Login successful for admin; usertype=ADMIN
[2026-04-13 05:51:55] Entered login() method. METHOD=POST POST=["txtUsername","txtPassword","btnLogin"]
[2026-04-13 05:51:55] Attempt login for username='Dan'
[2026-04-13 05:51:55] findByUsername returned: FOUND
[2026-04-13 05:51:55] Stored password appears hashed; using password_verify
[2026-04-13 05:51:55] password_verify failed
[2026-04-13 05:51:55] Login failed for Dan — redirecting back to /login
[2026-04-13 05:52:04] Entered login() method. METHOD=POST POST=["txtUsername","txtPassword","btnLogin"]
[2026-04-13 05:52:04] Attempt login for username='Dan'
[2026-04-13 05:52:04] findByUsername returned: FOUND
[2026-04-13 05:52:04] Stored password appears hashed; using password_verify
[2026-04-13 05:52:04] password_verify succeeded
[2026-04-13 05:52:04] Login successful for Dan; usertype=IT
[2026-04-15 04:07:18] Entered login() method. METHOD=POST POST=["txtUsername","txtPassword","btnLogin"]
[2026-04-15 04:07:18] Attempt login for username='admin'
[2026-04-15 04:07:18] findByUsername returned: FOUND
[2026-04-15 04:07:18] Stored password appears plain; performing direct compare (legacy)
[2026-04-15 04:07:18] Plaintext compare succeeded
[2026-04-15 04:07:18] Login successful for admin; usertype=ADMIN
[2026-04-15 10:47:01] Entered login() method. METHOD=POST POST=["txtUsername","txtPassword","btnLogin"]
[2026-04-15 10:47:01] Attempt login for username='admin'
[2026-04-15 10:47:01] findByUsername returned: FOUND
[2026-04-15 10:47:01] Stored password appears plain; performing direct compare (legacy)
[2026-04-15 10:47:01] Plaintext compare succeeded
[2026-04-15 10:47:01] Login successful for admin; usertype=ADMIN
[2026-04-15 10:48:43] Entered login() method. METHOD=POST POST=["txtUsername","txtPassword","btnLogin"]
[2026-04-15 10:48:43] Attempt login for username='storagemart.kennethdador@gmail.com'
[2026-04-15 10:48:43] findByUsername returned: FOUND
[2026-04-15 10:48:43] Stored password appears hashed; using password_verify
[2026-04-15 10:48:43] password_verify succeeded
[2026-04-15 10:48:43] Login successful for storagemart.kennethdador@gmail.com; usertype=ADMIN
[2026-04-15 10:50:20] Entered login() method. METHOD=POST POST=["txtUsername","txtPassword","btnLogin"]
[2026-04-15 10:50:20] Attempt login for username='storagemart.kennethdador@gmail.com'
[2026-04-15 10:50:20] findByUsername returned: FOUND
[2026-04-15 10:50:20] Stored password appears hashed; using password_verify
[2026-04-15 10:50:21] password_verify succeeded
[2026-04-15 10:50:21] Account inactive for storagemart.kennethdador@gmail.com
[2026-04-15 10:50:31] Entered login() method. METHOD=POST POST=["txtUsername","txtPassword","btnLogin"]
[2026-04-15 10:50:31] Attempt login for username='admin'
[2026-04-15 10:50:31] findByUsername returned: FOUND
[2026-04-15 10:50:31] Stored password appears plain; performing direct compare (legacy)
[2026-04-15 10:50:31] Plaintext compare succeeded
[2026-04-15 10:50:32] Login successful for admin; usertype=ADMIN
[2026-04-15 10:54:36] Entered login() method. METHOD=POST POST=["txtUsername","txtPassword","btnLogin"]
[2026-04-15 10:54:36] Attempt login for username='storagemart.alvinsantos@gmail.com'
[2026-04-15 10:54:36] findByUsername returned: FOUND
[2026-04-15 10:54:36] Stored password appears hashed; using password_verify
[2026-04-15 10:54:36] password_verify failed
[2026-04-15 10:54:36] Login failed for storagemart.alvinsantos@gmail.com — redirecting back to /login
[2026-04-15 10:54:54] Entered login() method. METHOD=POST POST=["txtUsername","txtPassword","btnLogin"]
[2026-04-15 10:54:54] Attempt login for username='storagemart.alvinsantos@gmail.com'
[2026-04-15 10:54:54] findByUsername returned: FOUND
[2026-04-15 10:54:54] Stored password appears hashed; using password_verify
[2026-04-15 10:54:54] password_verify succeeded
[2026-04-15 10:54:54] Login successful for storagemart.alvinsantos@gmail.com; usertype=EMPLOYEE
[2026-04-15 10:56:24] Entered login() method. METHOD=POST POST=["txtUsername","txtPassword","btnLogin"]
[2026-04-15 10:56:24] Attempt login for username='admin'
[2026-04-15 10:56:24] findByUsername returned: FOUND
[2026-04-15 10:56:24] Stored password appears plain; performing direct compare (legacy)
[2026-04-15 10:56:24] Plaintext compare succeeded
[2026-04-15 10:56:24] Login successful for admin; usertype=ADMIN
[2026-04-15 10:56:38] Entered login() method. METHOD=POST POST=["txtUsername","txtPassword","btnLogin"]
[2026-04-15 10:56:38] Attempt login for username='smiran.kenneth'
[2026-04-15 10:56:38] findByUsername returned: FOUND
[2026-04-15 10:56:38] Stored password appears hashed; using password_verify
[2026-04-15 10:56:39] password_verify succeeded
[2026-04-15 10:56:39] Login successful for smiran.kenneth; usertype=IT
[2026-04-15 10:57:58] Entered login() method. METHOD=POST POST=["txtUsername","txtPassword","btnLogin"]
[2026-04-15 10:57:58] Attempt login for username='storagemart.alvinsantos@gmail.com'
[2026-04-15 10:57:58] findByUsername returned: FOUND
[2026-04-15 10:57:58] Stored password appears hashed; using password_verify
[2026-04-15 10:57:58] password_verify succeeded
[2026-04-15 10:57:58] Login successful for storagemart.alvinsantos@gmail.com; usertype=EMPLOYEE
[2026-04-16 04:08:03] Entered login() method. METHOD=POST POST=["txtUsername","txtPassword","btnLogin"]
[2026-04-16 04:08:03] Attempt login for username='admin'
[2026-04-16 04:08:03] findByUsername returned: FOUND
[2026-04-16 04:08:03] Stored password appears plain; performing direct compare (legacy)
[2026-04-16 04:08:03] Plaintext compare succeeded
[2026-04-16 04:08:03] Login successful for admin; usertype=ADMIN
[2026-04-16 05:03:13] Entered login() method. METHOD=POST POST=["txtUsername","txtPassword","btnLogin"]
[2026-04-16 05:03:13] Attempt login for username='admin'
[2026-04-16 05:03:13] findByUsername returned: FOUND
[2026-04-16 05:03:13] Stored password appears plain; performing direct compare (legacy)
[2026-04-16 05:03:13] Plaintext compare succeeded
[2026-04-16 05:03:13] Login successful for admin; usertype=ADMIN
[2026-04-16 05:03:43] Entered login() method. METHOD=POST POST=["txtUsername","txtPassword","btnLogin"]
[2026-04-16 05:03:43] Attempt login for username='storagemart.alvinsantos@gmail.com'
[2026-04-16 05:03:43] findByUsername returned: FOUND
[2026-04-16 05:03:43] Stored password appears hashed; using password_verify
[2026-04-16 05:03:43] password_verify succeeded
[2026-04-16 05:03:43] Login successful for storagemart.alvinsantos@gmail.com; usertype=EMPLOYEE
[2026-04-16 05:19:06] Entered login() method. METHOD=POST POST=["txtUsername","txtPassword","btnLogin"]
[2026-04-16 05:19:06] Attempt login for username='admin'
[2026-04-16 05:19:06] findByUsername returned: FOUND
[2026-04-16 05:19:06] Stored password appears plain; performing direct compare (legacy)
[2026-04-16 05:19:06] Plaintext compare succeeded
[2026-04-16 05:19:06] Login successful for admin; usertype=ADMIN
[2026-04-16 05:19:37] Entered login() method. METHOD=POST POST=["txtUsername","txtPassword","btnLogin"]
[2026-04-16 05:19:37] Attempt login for username='storagemart.alvinsantos@gmail.com'
[2026-04-16 05:19:37] findByUsername returned: FOUND
[2026-04-16 05:19:37] Stored password appears hashed; using password_verify
[2026-04-16 05:19:37] password_verify succeeded
[2026-04-16 05:19:37] Login successful for storagemart.alvinsantos@gmail.com; usertype=EMPLOYEE
[2026-04-16 05:24:04] Entered login() method. METHOD=POST POST=["txtUsername","txtPassword","btnLogin"]
[2026-04-16 05:24:04] Attempt login for username='storagemart.alvinsantos@gmail.com'
[2026-04-16 05:24:04] findByUsername returned: FOUND
[2026-04-16 05:24:04] Stored password appears hashed; using password_verify
[2026-04-16 05:24:04] password_verify succeeded
[2026-04-16 05:24:04] Login successful for storagemart.alvinsantos@gmail.com; usertype=EMPLOYEE
[2026-04-16 05:27:39] Entered login() method. METHOD=POST POST=["txtUsername","txtPassword","btnLogin"]
[2026-04-16 05:27:39] Attempt login for username='admin'
[2026-04-16 05:27:39] findByUsername returned: FOUND
[2026-04-16 05:27:39] Stored password appears plain; performing direct compare (legacy)
[2026-04-16 05:27:39] Plaintext compare succeeded
[2026-04-16 05:27:39] Login successful for admin; usertype=ADMIN
[2026-04-16 05:28:08] Entered login() method. METHOD=POST POST=["txtUsername","txtPassword","btnLogin"]
[2026-04-16 05:28:08] Attempt login for username='storagemart.alvinsantos@gmail.com'
[2026-04-16 05:28:08] findByUsername returned: FOUND
[2026-04-16 05:28:08] Stored password appears hashed; using password_verify
[2026-04-16 05:28:08] password_verify failed
[2026-04-16 05:28:08] Login failed for storagemart.alvinsantos@gmail.com — redirecting back to /login
[2026-04-16 05:28:14] Entered login() method. METHOD=POST POST=["txtUsername","txtPassword","btnLogin"]
[2026-04-16 05:28:14] Attempt login for username='storagemart.alvinsantos@gmail.com'
[2026-04-16 05:28:14] findByUsername returned: FOUND
[2026-04-16 05:28:14] Stored password appears hashed; using password_verify
[2026-04-16 05:28:14] password_verify succeeded
[2026-04-16 05:28:14] Login successful for storagemart.alvinsantos@gmail.com; usertype=EMPLOYEE
[2026-04-16 05:29:44] Entered login() method. METHOD=POST POST=["txtUsername","txtPassword","btnLogin"]
[2026-04-16 05:29:44] Attempt login for username='admin'
[2026-04-16 05:29:44] findByUsername returned: FOUND
[2026-04-16 05:29:44] Stored password appears plain; performing direct compare (legacy)
[2026-04-16 05:29:44] Plaintext compare succeeded
[2026-04-16 05:29:44] Login successful for admin; usertype=ADMIN
[2026-04-16 05:31:58] Entered login() method. METHOD=POST POST=["txtUsername","txtPassword","btnLogin"]
[2026-04-16 05:31:58] Attempt login for username='storagemart.alvinsantos@gmail.com'
[2026-04-16 05:31:58] findByUsername returned: FOUND
[2026-04-16 05:31:58] Stored password appears hashed; using password_verify
[2026-04-16 05:31:58] password_verify succeeded
[2026-04-16 05:31:58] Login successful for storagemart.alvinsantos@gmail.com; usertype=EMPLOYEE
[2026-04-16 07:47:40] Entered login() method. METHOD=POST POST=["txtUsername","txtPassword","btnLogin"]
[2026-04-16 07:47:40] Attempt login for username='Dan'
[2026-04-16 07:47:40] findByUsername returned: FOUND
[2026-04-16 07:47:40] Stored password appears hashed; using password_verify
[2026-04-16 07:47:40] password_verify failed
[2026-04-16 07:47:40] Login failed for Dan — attempt 1/3
[2026-04-16 07:47:46] Entered login() method. METHOD=POST POST=["txtUsername","txtPassword","btnLogin"]
[2026-04-16 07:47:46] Attempt login for username='Dan'
[2026-04-16 07:47:46] findByUsername returned: FOUND
[2026-04-16 07:47:46] Stored password appears hashed; using password_verify
[2026-04-16 07:47:46] password_verify failed
[2026-04-16 07:47:46] Login failed for Dan — attempt 2/3
[2026-04-16 07:47:51] Entered login() method. METHOD=POST POST=["txtUsername","txtPassword","btnLogin"]
[2026-04-16 07:47:51] Attempt login for username='Dan'
[2026-04-16 07:47:51] findByUsername returned: FOUND
[2026-04-16 07:47:51] Stored password appears hashed; using password_verify
[2026-04-16 07:47:51] password_verify failed
[2026-04-16 07:47:51] Account deactivated for Dan — 3 failed attempts
[2026-04-16 07:48:00] Entered login() method. METHOD=POST POST=["txtUsername","txtPassword","btnLogin"]
[2026-04-16 07:48:00] Attempt login for username='Dan'
[2026-04-16 07:48:00] findByUsername returned: FOUND
[2026-04-16 07:48:00] Stored password appears hashed; using password_verify
[2026-04-16 07:48:01] password_verify succeeded
[2026-04-16 07:48:01] Account inactive for Dan
[2026-04-16 07:48:33] Entered login() method. METHOD=POST POST=["txtUsername","txtPassword","btnLogin"]
[2026-04-16 07:48:33] Attempt login for username='admin'
[2026-04-16 07:48:33] findByUsername returned: FOUND
[2026-04-16 07:48:33] Stored password appears plain; performing direct compare (legacy)
[2026-04-16 07:48:33] Plaintext compare succeeded
[2026-04-16 07:48:33] Login successful for admin; usertype=ADMIN
[2026-04-16 07:49:02] Entered login() method. METHOD=POST POST=["txtUsername","txtPassword","btnLogin"]
[2026-04-16 07:49:02] Attempt login for username='storagemart.alvinsantos@gmail.com'
[2026-04-16 07:49:02] findByUsername returned: FOUND
[2026-04-16 07:49:02] Stored password appears hashed; using password_verify
[2026-04-16 07:49:02] password_verify succeeded
[2026-04-16 07:49:02] Login successful for storagemart.alvinsantos@gmail.com; usertype=EMPLOYEE
[2026-04-16 07:49:25] Entered login() method. METHOD=POST POST=["txtUsername","txtPassword","btnLogin"]
[2026-04-16 07:49:25] Attempt login for username='admin'
[2026-04-16 07:49:25] findByUsername returned: FOUND
[2026-04-16 07:49:25] Stored password appears plain; performing direct compare (legacy)
[2026-04-16 07:49:25] Plaintext compare succeeded
[2026-04-16 07:49:25] Login successful for admin; usertype=ADMIN
[2026-04-20 03:57:20] Entered login() method. METHOD=POST POST=["txtUsername","txtPassword","btnLogin"]
[2026-04-20 03:57:20] Attempt login for username='storagemart.alvinsantos@gmail.com'
[2026-04-20 03:57:20] findByUsername returned: FOUND
[2026-04-20 03:57:20] Stored password appears hashed; using password_verify
[2026-04-20 03:57:20] password_verify succeeded
[2026-04-20 03:57:20] Login successful for storagemart.alvinsantos@gmail.com; usertype=EMPLOYEE
[2026-04-20 04:33:41] Entered login() method. METHOD=POST POST=["txtUsername","txtPassword","btnLogin"]
[2026-04-20 04:33:41] Attempt login for username='admin'
[2026-04-20 04:33:41] findByUsername returned: FOUND
[2026-04-20 04:33:41] Stored password appears plain; performing direct compare (legacy)
[2026-04-20 04:33:41] Plaintext compare succeeded
[2026-04-20 04:33:41] Login successful for admin; usertype=ADMIN
[2026-04-20 07:30:07] Entered login() method. METHOD=POST POST=["txtUsername","txtPassword","btnLogin"]
[2026-04-20 07:30:07] Attempt login for username='admin'
[2026-04-20 07:30:07] findByUsername returned: FOUND
[2026-04-20 07:30:07] Stored password appears plain; performing direct compare (legacy)
[2026-04-20 07:30:07] Plaintext compare succeeded
[2026-04-20 07:30:07] Login successful for admin; usertype=ADMIN
[2026-04-20 07:30:41] Entered login() method. METHOD=POST POST=["txtUsername","txtPassword","btnLogin"]
[2026-04-20 07:30:41] Attempt login for username='admin'
[2026-04-20 07:30:41] findByUsername returned: FOUND
[2026-04-20 07:30:41] Stored password appears plain; performing direct compare (legacy)
[2026-04-20 07:30:41] Plaintext compare succeeded
[2026-04-20 07:30:41] Login successful for admin; usertype=ADMIN
[2026-04-20 07:33:37] Entered login() method. METHOD=POST POST=["txtUsername","txtPassword","btnLogin"]
[2026-04-20 07:33:37] Attempt login for username='smiran.kenneth'
[2026-04-20 07:33:37] findByUsername returned: FOUND
[2026-04-20 07:33:37] Stored password appears hashed; using password_verify
[2026-04-20 07:33:37] password_verify succeeded
[2026-04-20 07:33:37] Login successful for smiran.kenneth; usertype=IT
[2026-04-20 07:34:27] Entered login() method. METHOD=POST POST=["txtUsername","txtPassword","btnLogin"]
[2026-04-20 07:34:27] Attempt login for username='admin'
[2026-04-20 07:34:27] findByUsername returned: FOUND
[2026-04-20 07:34:27] Stored password appears plain; performing direct compare (legacy)
[2026-04-20 07:34:27] Plaintext compare succeeded
[2026-04-20 07:34:27] Login successful for admin; usertype=ADMIN
[2026-04-20 07:34:59] Entered login() method. METHOD=POST POST=["txtUsername","txtPassword","btnLogin"]
[2026-04-20 07:34:59] Attempt login for username='storagemart.alvinsantos@gmail.com'
[2026-04-20 07:34:59] findByUsername returned: FOUND
[2026-04-20 07:34:59] Stored password appears hashed; using password_verify
[2026-04-20 07:34:59] password_verify succeeded
[2026-04-20 07:34:59] Login successful for storagemart.alvinsantos@gmail.com; usertype=EMPLOYEE
[2026-04-20 07:37:30] Entered login() method. METHOD=POST POST=["txtUsername","txtPassword","btnLogin"]
[2026-04-20 07:37:30] Attempt login for username='admin'
[2026-04-20 07:37:30] findByUsername returned: FOUND
[2026-04-20 07:37:30] Stored password appears plain; performing direct compare (legacy)
[2026-04-20 07:37:30] Plaintext compare succeeded
[2026-04-20 07:37:30] Login successful for admin; usertype=ADMIN
[2026-04-20 07:38:10] Entered login() method. METHOD=POST POST=["txtUsername","txtPassword","btnLogin"]
[2026-04-20 07:38:10] Attempt login for username='smiran.kenneth'
[2026-04-20 07:38:10] findByUsername returned: FOUND
[2026-04-20 07:38:10] Stored password appears hashed; using password_verify
[2026-04-20 07:38:10] password_verify succeeded
[2026-04-20 07:38:10] Login successful for smiran.kenneth; usertype=IT
[2026-04-20 07:43:11] Entered login() method. METHOD=POST POST=["txtUsername","txtPassword","btnLogin"]
[2026-04-20 07:43:11] Attempt login for username='admin'
[2026-04-20 07:43:11] findByUsername returned: FOUND
[2026-04-20 07:43:11] Stored password appears plain; performing direct compare (legacy)
[2026-04-20 07:43:11] Plaintext compare succeeded
[2026-04-20 07:43:11] Login successful for admin; usertype=ADMIN
[2026-04-20 07:43:40] Entered login() method. METHOD=POST POST=["txtUsername","txtPassword","btnLogin"]
[2026-04-20 07:43:40] Attempt login for username='storagemart.alvinsantos@gmail.com'
[2026-04-20 07:43:40] findByUsername returned: FOUND
[2026-04-20 07:43:40] Stored password appears hashed; using password_verify
[2026-04-20 07:43:40] password_verify succeeded
[2026-04-20 07:43:40] Login successful for storagemart.alvinsantos@gmail.com; usertype=EMPLOYEE
[2026-04-20 07:47:14] Entered login() method. METHOD=POST POST=["txtUsername","txtPassword","btnLogin"]
[2026-04-20 07:47:14] Attempt login for username='admin'
[2026-04-20 07:47:14] findByUsername returned: FOUND
[2026-04-20 07:47:14] Stored password appears plain; performing direct compare (legacy)
[2026-04-20 07:47:14] Plaintext compare succeeded
[2026-04-20 07:47:14] Login successful for admin; usertype=ADMIN
[2026-04-20 07:47:45] Entered login() method. METHOD=POST POST=["txtUsername","txtPassword","btnLogin"]
[2026-04-20 07:47:45] Attempt login for username='smiran.kenneth'
[2026-04-20 07:47:45] findByUsername returned: FOUND
[2026-04-20 07:47:45] Stored password appears hashed; using password_verify
[2026-04-20 07:47:45] password_verify succeeded
[2026-04-20 07:47:45] Login successful for smiran.kenneth; usertype=IT
[2026-04-20 07:56:20] Entered login() method. METHOD=POST POST=["txtUsername","txtPassword","btnLogin"]
[2026-04-20 07:56:20] Attempt login for username='smiran.kenneth'
[2026-04-20 07:56:20] findByUsername returned: FOUND
[2026-04-20 07:56:20] Stored password appears hashed; using password_verify
[2026-04-20 07:56:20] password_verify succeeded
[2026-04-20 07:56:20] Login successful for smiran.kenneth; usertype=IT
[2026-04-22 07:26:56] Entered login() method. METHOD=POST POST=["txtUsername","txtPassword","btnLogin"]
[2026-04-22 07:26:56] Attempt login for username='admin'
[2026-04-22 07:26:56] findByUsername returned: FOUND
[2026-04-22 07:26:56] Stored password appears plain; performing direct compare (legacy)
[2026-04-22 07:26:56] Plaintext compare succeeded
[2026-04-22 07:26:56] Login successful for admin; usertype=ADMIN
[2026-04-22 07:34:24] Entered login() method. METHOD=POST POST=["txtUsername","txtPassword","btnLogin"]
[2026-04-22 07:34:24] Attempt login for username='smiran.kenneth'
[2026-04-22 07:34:24] findByUsername returned: FOUND
[2026-04-22 07:34:24] Stored password appears hashed; using password_verify
[2026-04-22 07:34:24] password_verify succeeded
[2026-04-22 07:34:24] Login successful for smiran.kenneth; usertype=IT
[2026-04-22 07:36:50] Entered login() method. METHOD=POST POST=["txtUsername","txtPassword","btnLogin"]
[2026-04-22 07:36:50] Attempt login for username='smiran.kenneth'
[2026-04-22 07:36:50] findByUsername returned: FOUND
[2026-04-22 07:36:50] Stored password appears hashed; using password_verify
[2026-04-22 07:36:51] password_verify succeeded
[2026-04-22 07:36:51] Login successful for smiran.kenneth; usertype=IT
[2026-04-22 07:41:08] Entered login() method. METHOD=POST POST=["txtUsername","txtPassword","btnLogin"]
[2026-04-22 07:41:08] Attempt login for username='smiran.kenneth'
[2026-04-22 07:41:08] findByUsername returned: FOUND
[2026-04-22 07:41:08] Stored password appears hashed; using password_verify
[2026-04-22 07:41:08] password_verify succeeded
[2026-04-22 07:41:08] Login successful for smiran.kenneth; usertype=IT
[2026-04-28 08:57:28] Entered login() method. METHOD=POST POST=["txtUsername","txtPassword","btnLogin"]
[2026-04-28 08:57:28] Attempt login for username='Dan'
[2026-04-28 08:57:29] findByUsername returned: FOUND
[2026-04-28 08:57:29] Stored password appears hashed; using password_verify
[2026-04-28 08:57:29] password_verify failed
[2026-04-28 08:57:29] Account deactivated for Dan — 3 failed attempts
[2026-04-28 08:57:40] Entered login() method. METHOD=POST POST=["txtUsername","txtPassword","btnLogin"]
[2026-04-28 08:57:40] Attempt login for username='admin'
[2026-04-28 08:57:40] findByUsername returned: FOUND
[2026-04-28 08:57:40] Stored password appears plain; performing direct compare (legacy)
[2026-04-28 08:57:40] Plaintext compare failed
[2026-04-28 08:57:40] Login failed for admin — attempt 1/3
[2026-04-28 08:57:50] Entered login() method. METHOD=POST POST=["txtUsername","txtPassword","btnLogin"]
[2026-04-28 08:57:50] Attempt login for username='admin'
[2026-04-28 08:57:50] findByUsername returned: FOUND
[2026-04-28 08:57:50] Stored password appears plain; performing direct compare (legacy)
[2026-04-28 08:57:50] Plaintext compare succeeded
[2026-04-28 08:57:50] Login successful for admin; usertype=ADMIN
[2026-04-28 08:58:15] Entered login() method. METHOD=POST POST=["txtUsername","txtPassword","btnLogin"]
[2026-04-28 08:58:15] Attempt login for username='Dan'
[2026-04-28 08:58:15] findByUsername returned: FOUND
[2026-04-28 08:58:15] Stored password appears hashed; using password_verify
[2026-04-28 08:58:15] password_verify failed
[2026-04-28 08:58:15] Account deactivated for Dan — 3 failed attempts
[2026-04-28 08:58:31] Entered login() method. METHOD=POST POST=["txtUsername","txtPassword","btnLogin"]
[2026-04-28 08:58:31] Attempt login for username='kenneth'
[2026-04-28 08:58:31] findByUsername returned: NOT FOUND
[2026-04-28 08:58:31] Login failed for kenneth — attempt 1/3
[2026-04-28 08:58:44] Entered login() method. METHOD=POST POST=["txtUsername","txtPassword","btnLogin"]
[2026-04-28 08:58:44] Attempt login for username='Dan'
[2026-04-28 08:58:44] findByUsername returned: FOUND
[2026-04-28 08:58:44] Stored password appears hashed; using password_verify
[2026-04-28 08:58:44] password_verify failed
[2026-04-28 08:58:44] Account deactivated for Dan — 3 failed attempts
[2026-04-28 08:58:49] Entered login() method. METHOD=POST POST=["txtUsername","txtPassword","btnLogin"]
[2026-04-28 08:58:49] Attempt login for username='admin'
[2026-04-28 08:58:49] findByUsername returned: FOUND
[2026-04-28 08:58:49] Stored password appears plain; performing direct compare (legacy)
[2026-04-28 08:58:49] Plaintext compare succeeded
[2026-04-28 08:58:49] Login successful for admin; usertype=ADMIN
[2026-04-28 09:00:01] Entered login() method. METHOD=POST POST=["txtUsername","txtPassword","btnLogin"]
[2026-04-28 09:00:01] Attempt login for username='Dan'
[2026-04-28 09:00:01] findByUsername returned: FOUND
[2026-04-28 09:00:01] Stored password appears hashed; using password_verify
[2026-04-28 09:00:01] password_verify failed
[2026-04-28 09:00:01] Account deactivated for Dan — 3 failed attempts
[2026-04-28 09:00:12] Entered login() method. METHOD=POST POST=["txtUsername","txtPassword","btnLogin"]
[2026-04-28 09:00:12] Attempt login for username='Dan'
[2026-04-28 09:00:12] findByUsername returned: FOUND
[2026-04-28 09:00:12] Stored password appears hashed; using password_verify
[2026-04-28 09:00:12] password_verify failed
[2026-04-28 09:00:12] Account deactivated for Dan — 3 failed attempts
[2026-04-28 09:00:15] Entered login() method. METHOD=POST POST=["txtUsername","txtPassword","btnLogin"]
[2026-04-28 09:00:15] Attempt login for username='admin'
[2026-04-28 09:00:15] findByUsername returned: FOUND
[2026-04-28 09:00:15] Stored password appears plain; performing direct compare (legacy)
[2026-04-28 09:00:15] Plaintext compare succeeded
[2026-04-28 09:00:16] Login successful for admin; usertype=ADMIN
[2026-04-28 09:00:47] Entered login() method. METHOD=POST POST=["txtUsername","txtPassword","btnLogin"]
[2026-04-28 09:00:47] Attempt login for username='Dan'
[2026-04-28 09:00:47] findByUsername returned: FOUND
[2026-04-28 09:00:47] Stored password appears hashed; using password_verify
[2026-04-28 09:00:47] password_verify succeeded
[2026-04-28 09:00:47] Account inactive for Dan
[2026-04-28 09:00:53] Entered login() method. METHOD=POST POST=["txtUsername","txtPassword","btnLogin"]
[2026-04-28 09:00:53] Attempt login for username='admin'
[2026-04-28 09:00:53] findByUsername returned: FOUND
[2026-04-28 09:00:53] Stored password appears plain; performing direct compare (legacy)
[2026-04-28 09:00:53] Plaintext compare succeeded
[2026-04-28 09:00:53] Login successful for admin; usertype=ADMIN
[2026-04-28 09:01:32] Entered login() method. METHOD=POST POST=["txtUsername","txtPassword","btnLogin"]
[2026-04-28 09:01:32] Attempt login for username='Dan'
[2026-04-28 09:01:32] findByUsername returned: FOUND
[2026-04-28 09:01:32] Stored password appears hashed; using password_verify
[2026-04-28 09:01:32] password_verify succeeded
[2026-04-28 09:01:32] Login successful for Dan; usertype=IT
[2026-04-28 11:15:37] Entered login() method. METHOD=POST POST=["txtUsername","txtPassword","btnLogin"]
[2026-04-28 11:15:37] Attempt login for username='Dan'
[2026-04-28 11:15:37] findByUsername returned: FOUND
[2026-04-28 11:15:37] Stored password appears hashed; using password_verify
[2026-04-28 11:15:37] password_verify failed
[2026-04-28 11:15:37] Login failed for Dan — attempt 1/3
[2026-04-28 11:16:11] Entered login() method. METHOD=POST POST=["txtUsername","txtPassword","btnLogin"]
[2026-04-28 11:16:11] Attempt login for username='Dan'
[2026-04-28 11:16:11] findByUsername returned: FOUND
[2026-04-28 11:16:11] Stored password appears hashed; using password_verify
[2026-04-28 11:16:11] password_verify failed
[2026-04-28 11:16:11] Login failed for Dan — attempt 2/3
[2026-04-28 11:16:16] Entered login() method. METHOD=POST POST=["txtUsername","txtPassword","btnLogin"]
[2026-04-28 11:16:16] Attempt login for username='Dan'
[2026-04-28 11:16:16] findByUsername returned: FOUND
[2026-04-28 11:16:16] Stored password appears hashed; using password_verify
[2026-04-28 11:16:16] password_verify failed
[2026-04-28 11:16:16] Account deactivated for Dan — 3 failed attempts
[2026-04-28 11:16:28] Entered login() method. METHOD=POST POST=["txtUsername","txtPassword","btnLogin"]
[2026-04-28 11:16:28] Attempt login for username='admin'
[2026-04-28 11:16:28] findByUsername returned: FOUND
[2026-04-28 11:16:28] Stored password appears plain; performing direct compare (legacy)
[2026-04-28 11:16:28] Plaintext compare succeeded
[2026-04-28 11:16:28] Login successful for admin; usertype=ADMIN
[2026-04-28 11:17:01] Entered login() method. METHOD=POST POST=["txtUsername","txtPassword","btnLogin"]
[2026-04-28 11:17:01] Attempt login for username='Dan'
[2026-04-28 11:17:01] findByUsername returned: FOUND
[2026-04-28 11:17:01] Stored password appears hashed; using password_verify
[2026-04-28 11:17:01] password_verify succeeded
[2026-04-28 11:17:01] Login successful for Dan; usertype=IT
[2026-04-28 11:17:58] Entered login() method. METHOD=POST POST=["txtUsername","txtPassword","btnLogin"]
[2026-04-28 11:17:58] Attempt login for username='admin'
[2026-04-28 11:17:58] findByUsername returned: FOUND
[2026-04-28 11:17:58] Stored password appears plain; performing direct compare (legacy)
[2026-04-28 11:17:58] Plaintext compare succeeded
[2026-04-28 11:17:58] Login successful for admin; usertype=ADMIN
[2026-04-28 11:19:43] Entered login() method. METHOD=POST POST=["txtUsername","txtPassword","btnLogin"]
[2026-04-28 11:19:43] Attempt login for username='admin'
[2026-04-28 11:19:43] findByUsername returned: FOUND
[2026-04-28 11:19:43] Stored password appears plain; performing direct compare (legacy)
[2026-04-28 11:19:43] Plaintext compare succeeded
[2026-04-28 11:19:43] Login successful for admin; usertype=ADMIN
[2026-04-28 11:20:14] Entered login() method. METHOD=POST POST=["txtUsername","txtPassword","btnLogin"]
[2026-04-28 11:20:14] Attempt login for username='smiran.head'
[2026-04-28 11:20:14] findByUsername returned: FOUND
[2026-04-28 11:20:14] Stored password appears hashed; using password_verify
[2026-04-28 11:20:14] password_verify succeeded
[2026-04-28 11:20:14] Login successful for smiran.head; usertype=HEAD
[2026-04-28 11:21:01] Entered login() method. METHOD=POST POST=["txtUsername","txtPassword","btnLogin"]
[2026-04-28 11:21:01] Attempt login for username='admin'
[2026-04-28 11:21:01] findByUsername returned: FOUND
[2026-04-28 11:21:01] Stored password appears plain; performing direct compare (legacy)
[2026-04-28 11:21:01] Plaintext compare succeeded
[2026-04-28 11:21:01] Login successful for admin; usertype=ADMIN
[2026-04-28 11:24:27] Entered login() method. METHOD=POST POST=["txtUsername","txtPassword","btnLogin"]
[2026-04-28 11:24:27] Attempt login for username='storagemart.danmangaban@gmail.com'
[2026-04-28 11:24:27] findByUsername returned: FOUND
[2026-04-28 11:24:27] Stored password appears hashed; using password_verify
[2026-04-28 11:24:27] password_verify succeeded
[2026-04-28 11:24:27] Login successful for storagemart.danmangaban@gmail.com; usertype=EMPLOYEE
[2026-04-28 11:31:12] Entered login() method. METHOD=POST POST=["txtUsername","txtPassword","btnLogin"]
[2026-04-28 11:31:12] Attempt login for username='admin'
[2026-04-28 11:31:12] findByUsername returned: FOUND
[2026-04-28 11:31:12] Stored password appears plain; performing direct compare (legacy)
[2026-04-28 11:31:12] Plaintext compare succeeded
[2026-04-28 11:31:12] Login successful for admin; usertype=ADMIN
[2026-04-28 11:31:36] Entered login() method. METHOD=POST POST=["txtUsername","txtPassword","btnLogin"]
[2026-04-28 11:31:36] Attempt login for username='storagemart.alvinsantos@gmail.com'
[2026-04-28 11:31:36] findByUsername returned: FOUND
[2026-04-28 11:31:36] Stored password appears hashed; using password_verify
[2026-04-28 11:31:36] password_verify succeeded
[2026-04-28 11:31:36] Login successful for storagemart.alvinsantos@gmail.com; usertype=EMPLOYEE
[2026-04-28 11:32:46] Entered login() method. METHOD=POST POST=["txtUsername","txtPassword","btnLogin"]
[2026-04-28 11:32:46] Attempt login for username='admin'
[2026-04-28 11:32:46] findByUsername returned: FOUND
[2026-04-28 11:32:46] Stored password appears plain; performing direct compare (legacy)
[2026-04-28 11:32:46] Plaintext compare succeeded
[2026-04-28 11:32:46] Login successful for admin; usertype=ADMIN
[2026-04-28 11:33:19] Entered login() method. METHOD=POST POST=["txtUsername","txtPassword","btnLogin"]
[2026-04-28 11:33:19] Attempt login for username='smiran.kenneth'
[2026-04-28 11:33:19] findByUsername returned: FOUND
[2026-04-28 11:33:19] Stored password appears hashed; using password_verify
[2026-04-28 11:33:19] password_verify succeeded
[2026-04-28 11:33:19] Login successful for smiran.kenneth; usertype=IT
[2026-04-29 03:40:04] Entered login() method. METHOD=POST POST=["txtUsername","txtPassword","btnLogin"]
[2026-04-29 03:40:04] Attempt login for username='admin'
[2026-04-29 03:40:04] findByUsername returned: FOUND
[2026-04-29 03:40:04] Stored password appears plain; performing direct compare (legacy)
[2026-04-29 03:40:04] Plaintext compare succeeded
[2026-04-29 03:40:04] Login successful for admin; usertype=ADMIN
[2026-04-29 03:40:29] Entered login() method. METHOD=POST POST=["txtUsername","txtPassword","btnLogin"]
[2026-04-29 03:40:29] Attempt login for username='storagemart.alvinsantos@gmail.com'
[2026-04-29 03:40:29] findByUsername returned: FOUND
[2026-04-29 03:40:29] Stored password appears hashed; using password_verify
[2026-04-29 03:40:29] password_verify succeeded
[2026-04-29 03:40:29] Login successful for storagemart.alvinsantos@gmail.com; usertype=EMPLOYEE
[2026-04-29 07:14:45] Entered login() method. METHOD=POST POST=["txtUsername","txtPassword","btnLogin"]
[2026-04-29 07:14:45] Attempt login for username='Dan'
[2026-04-29 07:14:45] findByUsername returned: FOUND
[2026-04-29 07:14:45] Stored password appears hashed; using password_verify
[2026-04-29 07:14:45] password_verify succeeded
[2026-04-29 07:14:45] Login successful for Dan; usertype=IT
[2026-04-29 07:15:24] Entered login() method. METHOD=POST POST=["txtUsername","txtPassword","btnLogin"]
[2026-04-29 07:15:24] Attempt login for username='smiran.kenneth'
[2026-04-29 07:15:24] findByUsername returned: FOUND
[2026-04-29 07:15:24] Stored password appears hashed; using password_verify
[2026-04-29 07:15:25] password_verify succeeded
[2026-04-29 07:15:25] Login successful for smiran.kenneth; usertype=IT
[2026-04-29 07:16:11] Entered login() method. METHOD=POST POST=["txtUsername","txtPassword","btnLogin"]
[2026-04-29 07:16:11] Attempt login for username='admin'
[2026-04-29 07:16:11] findByUsername returned: FOUND
[2026-04-29 07:16:11] Stored password appears plain; performing direct compare (legacy)
[2026-04-29 07:16:11] Plaintext compare succeeded
[2026-04-29 07:16:11] Login successful for admin; usertype=ADMIN
[2026-04-29 07:16:55] Entered login() method. METHOD=POST POST=["txtUsername","txtPassword","btnLogin"]
[2026-04-29 07:16:55] Attempt login for username='storagemart.alvinsantos@gmail.com'
[2026-04-29 07:16:55] findByUsername returned: FOUND
[2026-04-29 07:16:55] Stored password appears hashed; using password_verify
[2026-04-29 07:16:55] password_verify succeeded
[2026-04-29 07:16:55] Login successful for storagemart.alvinsantos@gmail.com; usertype=EMPLOYEE
[2026-04-29 07:17:33] Entered login() method. METHOD=POST POST=["txtUsername","txtPassword","btnLogin"]
[2026-04-29 07:17:33] Attempt login for username='Dan'
[2026-04-29 07:17:33] findByUsername returned: FOUND
[2026-04-29 07:17:33] Stored password appears hashed; using password_verify
[2026-04-29 07:17:33] password_verify failed
[2026-04-29 07:17:33] Login failed for Dan — attempt 1/3
[2026-04-29 07:17:43] Entered login() method. METHOD=POST POST=["txtUsername","txtPassword","btnLogin"]
[2026-04-29 07:17:43] Attempt login for username='Dan'
[2026-04-29 07:17:43] findByUsername returned: FOUND
[2026-04-29 07:17:43] Stored password appears hashed; using password_verify
[2026-04-29 07:17:43] password_verify succeeded
[2026-04-29 07:17:43] Login successful for Dan; usertype=IT
[2026-04-29 07:22:31] Entered login() method. METHOD=POST POST=["txtUsername","txtPassword","btnLogin"]
[2026-04-29 07:22:31] Attempt login for username='admin'
[2026-04-29 07:22:31] findByUsername returned: FOUND
[2026-04-29 07:22:31] Stored password appears plain; performing direct compare (legacy)
[2026-04-29 07:22:31] Plaintext compare succeeded
[2026-04-29 07:22:31] Login successful for admin; usertype=ADMIN
[2026-04-29 07:22:59] Entered login() method. METHOD=POST POST=["txtUsername","txtPassword","btnLogin"]
[2026-04-29 07:22:59] Attempt login for username='storagemart.alvinsantos@gmail.com'
[2026-04-29 07:22:59] findByUsername returned: FOUND
[2026-04-29 07:22:59] Stored password appears hashed; using password_verify
[2026-04-29 07:22:59] password_verify succeeded
[2026-04-29 07:22:59] Login successful for storagemart.alvinsantos@gmail.com; usertype=EMPLOYEE
[2026-04-29 07:26:40] Entered login() method. METHOD=POST POST=["txtUsername","txtPassword","btnLogin"]
[2026-04-29 07:26:40] Attempt login for username='Dan'
[2026-04-29 07:26:40] findByUsername returned: FOUND
[2026-04-29 07:26:40] Stored password appears hashed; using password_verify
[2026-04-29 07:26:40] password_verify succeeded
[2026-04-29 07:26:40] Login successful for Dan; usertype=IT
[2026-04-29 08:45:08] Entered login() method. METHOD=POST POST=["txtUsername","txtPassword","btnLogin"]
[2026-04-29 08:45:08] Attempt login for username='Dan'
[2026-04-29 08:45:08] findByUsername returned: FOUND
[2026-04-29 08:45:08] Stored password appears hashed; using password_verify
[2026-04-29 08:45:08] password_verify succeeded
[2026-04-29 08:45:08] Login successful for Dan; usertype=IT
[2026-04-30 03:55:42] Entered login() method. METHOD=POST POST=["txtUsername","txtPassword","btnLogin"]
[2026-04-30 03:55:42] Attempt login for username='hr_test'
[2026-04-30 03:55:42] findByUsername returned: FOUND
[2026-04-30 03:55:42] Stored password appears hashed; using password_verify
[2026-04-30 03:55:42] password_verify succeeded
[2026-04-30 03:55:42] Login successful for hr_test; usertype=HR
[2026-04-30 03:55:53] Entered login() method. METHOD=POST POST=["txtUsername","txtPassword","btnLogin"]
[2026-04-30 03:55:53] Attempt login for username='Dan'
[2026-04-30 03:55:53] findByUsername returned: FOUND
[2026-04-30 03:55:53] Stored password appears hashed; using password_verify
[2026-04-30 03:55:53] password_verify succeeded
[2026-04-30 03:55:53] Login successful for Dan; usertype=IT
[2026-04-30 03:56:21] Entered login() method. METHOD=POST POST=["txtUsername","txtPassword","btnLogin"]
[2026-04-30 03:56:21] Attempt login for username='hr_test'
[2026-04-30 03:56:21] findByUsername returned: FOUND
[2026-04-30 03:56:21] Stored password appears hashed; using password_verify
[2026-04-30 03:56:21] password_verify succeeded
[2026-04-30 03:56:21] Login successful for hr_test; usertype=HR
[2026-04-30 04:04:44] Entered login() method. METHOD=POST POST=["txtUsername","txtPassword","btnLogin"]
[2026-04-30 04:04:44] Attempt login for username='Dan'
[2026-04-30 04:04:44] findByUsername returned: FOUND
[2026-04-30 04:04:44] Stored password appears hashed; using password_verify
[2026-04-30 04:04:44] password_verify succeeded
[2026-04-30 04:04:44] Login successful for Dan; usertype=IT
[2026-04-30 04:05:30] Entered login() method. METHOD=POST POST=["txtUsername","txtPassword","btnLogin"]
[2026-04-30 04:05:30] Attempt login for username='hr_test'
[2026-04-30 04:05:30] findByUsername returned: FOUND
[2026-04-30 04:05:30] Stored password appears hashed; using password_verify
[2026-04-30 04:05:30] password_verify succeeded
[2026-04-30 04:05:30] Login successful for hr_test; usertype=HR
[2026-04-30 04:05:31] Entered login() method. METHOD=POST POST=["txtUsername","txtPassword","btnLogin"]
[2026-04-30 04:05:31] Attempt login for username='Dan'
[2026-04-30 04:05:31] findByUsername returned: FOUND
[2026-04-30 04:05:31] Stored password appears hashed; using password_verify
[2026-04-30 04:05:32] password_verify succeeded
[2026-04-30 04:05:32] Login successful for Dan; usertype=IT
[2026-04-30 04:05:51] Entered login() method. METHOD=POST POST=["txtUsername","txtPassword","btnLogin"]
[2026-04-30 04:05:51] Attempt login for username='hr_test'
[2026-04-30 04:05:51] findByUsername returned: FOUND
[2026-04-30 04:05:51] Stored password appears hashed; using password_verify
[2026-04-30 04:05:51] password_verify succeeded
[2026-04-30 04:05:51] Login successful for hr_test; usertype=HR
[2026-04-30 04:19:53] Entered login() method. METHOD=POST POST=["txtUsername","txtPassword","btnLogin"]
[2026-04-30 04:19:53] Attempt login for username='hr_test'
[2026-04-30 04:19:53] findByUsername returned: FOUND
[2026-04-30 04:19:53] Stored password appears hashed; using password_verify
[2026-04-30 04:19:53] password_verify succeeded
[2026-04-30 04:19:53] Login successful for hr_test; usertype=HR
[2026-04-30 04:19:54] Entered login() method. METHOD=POST POST=["txtUsername","txtPassword","btnLogin"]
[2026-04-30 04:19:54] Attempt login for username='Dan'
[2026-04-30 04:19:54] findByUsername returned: FOUND
[2026-04-30 04:19:54] Stored password appears hashed; using password_verify
[2026-04-30 04:19:55] password_verify succeeded
[2026-04-30 04:19:55] Login successful for Dan; usertype=IT
[2026-04-30 04:20:08] Entered login() method. METHOD=POST POST=["txtUsername","txtPassword","btnLogin"]
[2026-04-30 04:20:08] Attempt login for username='admin'
[2026-04-30 04:20:08] findByUsername returned: FOUND
[2026-04-30 04:20:08] Stored password appears plain; performing direct compare (legacy)
[2026-04-30 04:20:08] Plaintext compare succeeded
[2026-04-30 04:20:08] Login successful for admin; usertype=ADMIN
[2026-04-30 04:22:33] Entered login() method. METHOD=POST POST=["txtUsername","txtPassword","btnLogin"]
[2026-04-30 04:22:33] Attempt login for username='Dan'
[2026-04-30 04:22:33] findByUsername returned: FOUND
[2026-04-30 04:22:33] Stored password appears hashed; using password_verify
[2026-04-30 04:22:34] password_verify succeeded
[2026-04-30 04:22:34] Login successful for Dan; usertype=HR
[2026-04-30 04:22:35] Entered login() method. METHOD=POST POST=["txtUsername","txtPassword","btnLogin"]
[2026-04-30 04:22:35] Attempt login for username='Dan'
[2026-04-30 04:22:35] findByUsername returned: FOUND
[2026-04-30 04:22:35] Stored password appears hashed; using password_verify
[2026-04-30 04:22:35] password_verify succeeded
[2026-04-30 04:22:35] Login successful for Dan; usertype=HR
[2026-04-30 04:22:36] Entered login() method. METHOD=POST POST=["txtUsername","txtPassword","btnLogin"]
[2026-04-30 04:22:36] Attempt login for username='Dan'
[2026-04-30 04:22:36] findByUsername returned: FOUND
[2026-04-30 04:22:36] Stored password appears hashed; using password_verify
[2026-04-30 04:22:36] password_verify succeeded
[2026-04-30 04:22:36] Login successful for Dan; usertype=HR
[2026-04-30 04:22:37] Entered login() method. METHOD=POST POST=["txtUsername","txtPassword","btnLogin"]
[2026-04-30 04:22:37] Attempt login for username='Dan'
[2026-04-30 04:22:37] findByUsername returned: FOUND
[2026-04-30 04:22:37] Stored password appears hashed; using password_verify
[2026-04-30 04:22:37] password_verify succeeded
[2026-04-30 04:22:37] Login successful for Dan; usertype=HR
[2026-04-30 04:27:24] Entered login() method. METHOD=POST POST=["txtUsername","txtPassword","btnLogin"]
[2026-04-30 04:27:24] Attempt login for username='Dan'
[2026-04-30 04:27:24] findByUsername returned: FOUND
[2026-04-30 04:27:24] Stored password appears hashed; using password_verify
[2026-04-30 04:27:24] password_verify succeeded
[2026-04-30 04:27:24] Login successful for Dan; usertype=HR
[2026-05-04 04:41:38] Entered login() method. METHOD=POST POST=["txtUsername","txtPassword","btnLogin"]
[2026-05-04 04:41:38] Attempt login for username='Dan'
[2026-05-04 04:41:38] findByUsername returned: FOUND
[2026-05-04 04:41:38] Stored password appears hashed; using password_verify
[2026-05-04 04:41:38] password_verify succeeded
[2026-05-04 04:41:38] Login successful for Dan; usertype=HR
[2026-05-04 05:17:51] Entered login() method. METHOD=POST POST=[]
[2026-05-04 05:17:51] btnLogin not set in POST — possible form issue. POST=[]
[2026-05-04 05:17:59] Entered login() method. METHOD=POST POST=["txtUsername","txtPassword","btnLogin"]
[2026-05-04 05:17:59] Attempt login for username='hr_test'
[2026-05-04 05:17:59] findByUsername returned: FOUND
[2026-05-04 05:17:59] Stored password appears hashed; using password_verify
[2026-05-04 05:17:59] password_verify succeeded
[2026-05-04 05:17:59] Login successful for hr_test; usertype=HR
[2026-05-04 05:18:46] Entered login() method. METHOD=POST POST=["txtUsername","txtPassword","btnLogin"]
[2026-05-04 05:18:46] Attempt login for username='Dan'
[2026-05-04 05:18:46] findByUsername returned: FOUND
[2026-05-04 05:18:46] Stored password appears hashed; using password_verify
[2026-05-04 05:18:46] password_verify succeeded
[2026-05-04 05:18:46] Login successful for Dan; usertype=HR
[2026-05-04 05:21:21] Entered login() method. METHOD=POST POST=["txtUsername","txtPassword","btnLogin"]
[2026-05-04 05:21:21] Attempt login for username='hr_test'
[2026-05-04 05:21:21] findByUsername returned: FOUND
[2026-05-04 05:21:21] Stored password appears hashed; using password_verify
[2026-05-04 05:21:21] password_verify succeeded
[2026-05-04 05:21:21] Login successful for hr_test; usertype=HR
[2026-05-04 05:25:58] Entered login() method. METHOD=POST POST=["txtUsername","txtPassword","btnLogin"]
[2026-05-04 05:25:58] Attempt login for username='hr_test'
[2026-05-04 05:25:58] findByUsername returned: FOUND
[2026-05-04 05:25:58] Stored password appears hashed; using password_verify
[2026-05-04 05:25:58] password_verify succeeded
[2026-05-04 05:25:58] Login successful for hr_test; usertype=HR
[2026-05-04 05:26:09] Entered login() method. METHOD=POST POST=["txtUsername","txtPassword","btnLogin"]
[2026-05-04 05:26:09] Attempt login for username='hr_test'
[2026-05-04 05:26:09] findByUsername returned: FOUND
[2026-05-04 05:26:09] Stored password appears hashed; using password_verify
[2026-05-04 05:26:09] password_verify succeeded
[2026-05-04 05:26:09] Login successful for hr_test; usertype=HR
[2026-05-04 05:26:17] Entered login() method. METHOD=POST POST=["txtUsername","txtPassword","btnLogin"]
[2026-05-04 05:26:17] Attempt login for username='hr_test'
[2026-05-04 05:26:17] findByUsername returned: FOUND
[2026-05-04 05:26:17] Stored password appears hashed; using password_verify
[2026-05-04 05:26:17] password_verify succeeded
[2026-05-04 05:26:17] Login successful for hr_test; usertype=HR
[2026-05-04 05:27:19] Entered login() method. METHOD=POST POST=["txtUsername","txtPassword","btnLogin"]
[2026-05-04 05:27:19] Attempt login for username='hr_test'
[2026-05-04 05:27:19] findByUsername returned: FOUND
[2026-05-04 05:27:19] Stored password appears hashed; using password_verify
[2026-05-04 05:27:19] password_verify succeeded
[2026-05-04 05:27:19] Login successful for hr_test; usertype=HR
[2026-05-04 05:27:28] Entered login() method. METHOD=POST POST=["txtUsername","txtPassword","btnLogin"]
[2026-05-04 05:27:28] Attempt login for username='hr_test'
[2026-05-04 05:27:28] findByUsername returned: FOUND
[2026-05-04 05:27:28] Stored password appears hashed; using password_verify
[2026-05-04 05:27:28] password_verify succeeded
[2026-05-04 05:27:28] Login successful for hr_test; usertype=HR
[2026-05-04 05:28:33] Entered login() method. METHOD=POST POST=["txtUsername","txtPassword","btnLogin"]
[2026-05-04 05:28:33] Attempt login for username='hr_test'
[2026-05-04 05:28:33] findByUsername returned: FOUND
[2026-05-04 05:28:33] Stored password appears hashed; using password_verify
[2026-05-04 05:28:34] password_verify succeeded
[2026-05-04 05:28:34] Login successful for hr_test; usertype=HR
[2026-05-04 09:48:00] Entered login() method. METHOD=POST POST=["txtUsername","txtPassword","btnLogin"]
[2026-05-04 09:48:00] Attempt login for username='admin'
[2026-05-04 09:48:00] findByUsername returned: FOUND
[2026-05-04 09:48:00] Stored password appears plain; performing direct compare (legacy)
[2026-05-04 09:48:00] Plaintext compare succeeded
[2026-05-04 09:48:00] Login successful for admin; usertype=ADMIN
[2026-05-04 09:53:10] Entered login() method. METHOD=POST POST=["txtUsername","txtPassword","btnLogin"]
[2026-05-04 09:53:10] Attempt login for username='storagemart.alvinsantos@gmail.com'
[2026-05-04 09:53:10] findByUsername returned: FOUND
[2026-05-04 09:53:10] Stored password appears hashed; using password_verify
[2026-05-04 09:53:10] password_verify succeeded
[2026-05-04 09:53:10] Login successful for storagemart.alvinsantos@gmail.com; usertype=EMPLOYEE
[2026-05-04 09:55:02] Entered login() method. METHOD=POST POST=["txtUsername","txtPassword","btnLogin"]
[2026-05-04 09:55:02] Attempt login for username='admin'
[2026-05-04 09:55:02] findByUsername returned: FOUND
[2026-05-04 09:55:02] Stored password appears plain; performing direct compare (legacy)
[2026-05-04 09:55:02] Plaintext compare succeeded
[2026-05-04 09:55:02] Login successful for admin; usertype=ADMIN
[2026-05-04 10:00:29] Entered login() method. METHOD=POST POST=["txtUsername","txtPassword","btnLogin"]
[2026-05-04 10:00:29] Attempt login for username='Dan'
[2026-05-04 10:00:29] findByUsername returned: FOUND
[2026-05-04 10:00:29] Stored password appears hashed; using password_verify
[2026-05-04 10:00:30] password_verify succeeded
[2026-05-04 10:00:30] Login successful for Dan; usertype=HR
[2026-05-05 04:39:53] Entered login() method. METHOD=POST POST=["txtUsername","txtPassword","btnLogin"]
[2026-05-05 04:39:53] Attempt login for username='Dan'
[2026-05-05 04:39:53] findByUsername returned: FOUND
[2026-05-05 04:39:53] Stored password appears hashed; using password_verify
[2026-05-05 04:39:53] password_verify failed
[2026-05-05 04:39:53] Login failed for Dan — attempt 1/3
[2026-05-05 04:40:05] Entered login() method. METHOD=POST POST=["txtUsername","txtPassword","btnLogin"]
[2026-05-05 04:40:05] Attempt login for username='Dan'
[2026-05-05 04:40:05] findByUsername returned: FOUND
[2026-05-05 04:40:05] Stored password appears hashed; using password_verify
[2026-05-05 04:40:05] password_verify succeeded
[2026-05-05 04:40:05] Login successful for Dan; usertype=HR
[2026-05-05 05:31:30] Entered login() method. METHOD=POST POST=["txtUsername","txtPassword","btnLogin"]
[2026-05-05 05:31:30] Attempt login for username='admin'
[2026-05-05 05:31:30] findByUsername returned: FOUND
[2026-05-05 05:31:30] Stored password appears plain; performing direct compare (legacy)
[2026-05-05 05:31:30] Plaintext compare succeeded
[2026-05-05 05:31:30] Login successful for admin; usertype=ADMIN
[2026-05-05 07:30:14] Entered login() method. METHOD=POST POST=["txtUsername","txtPassword","btnLogin"]
[2026-05-05 07:30:14] Attempt login for username='admin'
[2026-05-05 07:30:14] findByUsername returned: FOUND
[2026-05-05 07:30:14] Stored password appears plain; performing direct compare (legacy)
[2026-05-05 07:30:14] Plaintext compare succeeded
[2026-05-05 07:30:14] Login successful for admin; usertype=ADMIN
